"id","source","line","section","point","disposition","evidence"
"Steady_PRD:1","Steady_PRD.md","1","# Steady — Product Requirements Document","# Steady — Product Requirements Document","DOCUMENT_STRUCTURE","Source heading retained unchanged; no implementation acceptance implied."
"Steady_PRD:3","Steady_PRD.md","3","# Steady — Product Requirements Document","**Specification:** 2.0 · **Date:** 6 October 2026 · **Owner:** personal Steady project · **Status:** proposed implementation contract.","PENDING_RECONCILIATION",""
"Steady_PRD:5","Steady_PRD.md","5","# Steady — Product Requirements Document","Read with `Steady_Tech_Stack.md` and `Steady_Design_Document.md`. This PRD reconciles the two uploaded application codebases, seven Stitch design exports, earlier architecture, supplied briefs and conversation. It describes the intended product; it does not certify a working APK. Source IDs below match the technical document. Every archived file is accounted for in `Source_Inventory.csv`.","PENDING_RECONCILIATION",""
"Steady_PRD:7","Steady_PRD.md","7","## 1. Product definition","## 1. Product definition","DOCUMENT_STRUCTURE","Source heading retained unchanged; no implementation acceptance implied."
"Steady_PRD:9","Steady_PRD.md","9","## 1. Product definition","Steady is a private, customizable Android companion for daily planning, habits, study, project work, movement and reflection. It helps its owner choose a manageable next action, record what actually happened and adjust the next day. It is designed for continued daily use over years, with no three-week expiry or compulsory program to finish.","PENDING_RECONCILIATION",""
"Steady_PRD:11","Steady_PRD.md","11","## 1. Product definition","The interface combines the Stitch dashboard's visual richness with the Expo prototype's calm daybook language. Health and Focus become full destinations. Safety remains immediately accessible, even when the personal database cannot open. The first expanded release works offline and without an account.","PENDING_RECONCILIATION",""
"Steady_PRD:13","Steady_PRD.md","13","## 1. Product definition","The central problem is fragmentation: a student and builder must coordinate coursework, projects, personal routines, movement, notes and recovery across disconnected tools. Adding more tracking can itself become work. Steady should make ordinary days easier and difficult days smaller, while showing honest records instead of a simulated ideal life.","PENDING_RECONCILIATION",""
"Steady_PRD:15","Steady_PRD.md","15","## 2. User needs and constraints","## 2. User needs and constraints","DOCUMENT_STRUCTURE","Source heading retained unchanged; no implementation acceptance implied."
"Steady_PRD:17","Steady_PRD.md","17","## 2. User needs and constraints","The primary user is the project owner, an Android user in Karnataka who studies and builds software, prefers practical learning and wants configurable support for both. The conversation identifies significant visual-access needs and variable energy. These are design inputs, not a psychological diagnosis. The app must not embed a biography, private addresses, family details, relationship history or medical incident narrative from this conversation.","PENDING_RECONCILIATION",""
"Steady_PRD:19","Steady_PRD.md","19","## 2. User needs and constraints","| Need | Product response | Validation |","PENDING_RECONCILIATION",""
"Steady_PRD:20","Steady_PRD.md","20","## 2. User needs and constraints","|---|---|---|","DOCUMENT_STRUCTURE","Table separator; no functional requirement."
"Steady_PRD:21","Steady_PRD.md","21","## 2. User needs and constraints","| Read and operate the app comfortably | Large controls, scalable text, high contrast, TalkBack, dim timer view | Device accessibility sessions using realistic content |","PENDING_RECONCILIATION",""
"Steady_PRD:22","Steady_PRD.md","22","## 2. User needs and constraints","| Turn ambitious plans into actions | One next action, task queue, optional time blocks and evidence notes | Start an intended task without navigating multiple modules |","PENDING_RECONCILIATION",""
"Steady_PRD:23","Steady_PRD.md","23","## 2. User needs and constraints","| Continue on low-capacity days | Minimum Day and Pause Day; no backlog punishment | Switching modes preserves existing records and reduces visible demands |","PENDING_RECONCILIATION",""
"Steady_PRD:24","Steady_PRD.md","24","## 2. User needs and constraints","| Capture effort accurately | Actual focus/workout duration, editable logs, data-source labels | Reconcile displayed totals against stored records |","PENDING_RECONCILIATION",""
"Steady_PRD:25","Steady_PRD.md","25","## 2. User needs and constraints","| Learn and build without endless re-planning | Study subjects, project tags, scratchpad; deeper Learn/Build tools staged later | Complete and record one bounded work session |","PENDING_RECONCILIATION",""
"Steady_PRD:26","Steady_PRD.md","26","## 2. User needs and constraints","| Own personal information | Offline core, encrypted storage, explicit portable exports | Privacy and restore acceptance suite |","PENDING_RECONCILIATION",""
"Steady_PRD:27","Steady_PRD.md","27","## 2. User needs and constraints","| Work from a phone-centered development setup | Downloadable build artifact from a proven host | Clean-checkout build and installation on the primary phone |","PENDING_RECONCILIATION",""
"Steady_PRD:28","Steady_PRD.md","28","## 2. User needs and constraints","| Use fitness tools without buying a wearable | Manual workouts and supported phone observations | Capability checks and real-device trials; manual fallback always works |","PENDING_RECONCILIATION",""
"Steady_PRD:30","Steady_PRD.md","30","## 2. User needs and constraints","The proposed primary test device is the Xiaomi 14 referenced in the supplied planning material. Confirm its actual Android/HyperOS version at implementation time. Do not hardcode capabilities based on the model name.","PENDING_RECONCILIATION",""
"Steady_PRD:32","Steady_PRD.md","32","## 3. Goals, boundaries and release structure","## 3. Goals, boundaries and release structure","DOCUMENT_STRUCTURE","Source heading retained unchanged; no implementation acceptance implied."
"Steady_PRD:34","Steady_PRD.md","34","## 3. Goals, boundaries and release structure","**Product goals:** make the next action clear; lower the effort of logging; support sustained use without guilt; preserve privacy and history; make every displayed measurement explainable; keep accessibility available throughout the app.","PENDING_RECONCILIATION",""
"Steady_PRD:36","Steady_PRD.md","36","## 3. Goals, boundaries and release structure","**Excluded from the core:** diagnoses, symptom interpretation, supplement dosing, automated exercise prescriptions, social feeds, buddy accountability, competitive rankings, advertising, compulsory cloud accounts, fabricated sensor data, and promises of dependable cross-app blocking before device evidence exists. Existing care instructions may be recorded by the user, without the app rewriting them.","PENDING_RECONCILIATION",""
"Steady_PRD:38","Steady_PRD.md","38","## 3. Goals, boundaries and release structure","This PRD defines an expanded personal-use release, called **Steady Expanded** here. “Specification 2.0” is a documentation revision, not an APK version or claim that the earlier v0.1 shipped. Choose the package version after examining the actual repository and installed app.","PENDING_RECONCILIATION",""
"Steady_PRD:40","Steady_PRD.md","40","## 3. Goals, boundaries and release structure","| Priority | Meaning | Scope |","PENDING_RECONCILIATION",""
"Steady_PRD:41","Steady_PRD.md","41","## 3. Goals, boundaries and release structure","|---|---|---|","DOCUMENT_STRUCTURE","Table separator; no functional requirement."
"Steady_PRD:42","Steady_PRD.md","42","## 3. Goals, boundaries and release structure","| P0 | Required for the expanded personal-use release | Offline shell; private storage; Safety; Today and habits; Focus; manual workouts; food/water/sleep logs; Review; export/recovery; accessibility |","PENDING_RECONCILIATION",""
"Steady_PRD:43","Steady_PRD.md","43","## 3. Goals, boundaries and release structure","| P1 | Include only after its platform gate passes | Phone steps, active GPS workouts, usage insights, optional interruption, local ambient audio |","PENDING_RECONCILIATION",""
"Steady_PRD:44","Steady_PRD.md","44","## 3. Goals, boundaries and release structure","| P2 | Retained backlog with separate acceptance criteria | Full Learn/Build modules, People, Money Guard, voice/OCR, connected AI and richer integrations |","PENDING_RECONCILIATION",""
"Steady_PRD:46","Steady_PRD.md","46","## 3. Goals, boundaries and release structure","A P1 failure must result in a clear unavailable or deferred feature, never an active-looking mock. The P0 release can ship without interception or GPS if its scope explicitly says so.","PENDING_RECONCILIATION",""
"Steady_PRD:48","Steady_PRD.md","48","## 4. Primary journeys","## 4. Primary journeys","DOCUMENT_STRUCTURE","Source heading retained unchanged; no implementation acceptance implied."
"Steady_PRD:50","Steady_PRD.md","50","## 4. Primary journeys","**First use:** choose a display name or skip; confirm country/timezone/day boundary; choose appearance and accessibility; enable useful modules; create one routine or task. All permission requests occur when their feature is used. No medical profile is required. Public Safety is usable before onboarding ends.","PENDING_RECONCILIATION",""
"Steady_PRD:52","Steady_PRD.md","52","## 4. Primary journeys","**An ordinary study day:** open Today, choose a task, start a subject-linked Focus session, make a scratchpad note, pause or finish, and save the actual time. The session appears in Today and Review once. A late completion notification cannot create a duplicate record.","PENDING_RECONCILIATION",""
"Steady_PRD:54","Steady_PRD.md","54","## 4. Primary journeys","**A lower-energy day:** switch to Minimum Day, retain only selected essentials and optionally take a Pocket Reset. Earlier completed work stays in history. Returning to Normal does not create overdue debt. Pause Day is also available without explaining why.","PENDING_RECONCILIATION",""
"Steady_PRD:56","Steady_PRD.md","56","## 4. Primary journeys","**A workout:** choose an activity, see which data can actually be recorded, start, pause if needed, and finish. Strength uses manual sets/reps/weight. An outdoor route requires explicit location permission and visible active tracking. Editing or deleting the workout updates relevant summaries.","PENDING_RECONCILIATION",""
"Steady_PRD:58","Steady_PRD.md","58","## 4. Primary journeys","**An interrupted intention:** choose a voluntary pause, or use a proven optional interception mode. The pause offers Return to focus, temporary continuation and disable controls. Essential calling, authentication, navigation and Safety remain accessible. The event record describes what occurred, without inventing minutes saved.","PENDING_RECONCILIATION",""
"Steady_PRD:60","Steady_PRD.md","60","## 4. Primary journeys","**Weekly adjustment:** inspect week/month history, identify missing versus skipped records, correct a mistake, and write one next-week adjustment. Computed totals may change when history changes; the user's written reflection must remain intact.","PENDING_RECONCILIATION",""
"Steady_PRD:62","Steady_PRD.md","62","## 4. Primary journeys","**Recovery:** export selected records as readable Markdown or create an encrypted eligible-data backup. Preview a restore before committing it. A failed restore leaves existing records intact. Private Safety content is never included in these ordinary files and is not replaced by restoring an organiser backup.","PENDING_RECONCILIATION",""
"Steady_PRD:64","Steady_PRD.md","64","## 5. Functional requirements and acceptance","## 5. Functional requirements and acceptance","DOCUMENT_STRUCTURE","Source heading retained unchanged; no implementation acceptance implied."
"Steady_PRD:66","Steady_PRD.md","66","### P-01 — Navigation, onboarding and personalization · P0","### P-01 — Navigation, onboarding and personalization · P0","MAPPED_ACCEPTANCE_OPEN","docs/evidence/spec2-acceptance.md; r6-portability.md; r7-workflow-checkpoint.md"
"Steady_PRD:68","Steady_PRD.md","68","### P-01 — Navigation, onboarding and personalization · P0","Provide Today, Health, Focus, Review and Settings tabs. Preserve each tab's navigation state. Expose a consistently placed labeled Safety action from all primary screens and timer/workout views. Store the user's selected name, modules, palette, layout and date preferences; do not ship the prototypes' generic personal identity as real data.","MAPPED_ACCEPTANCE_OPEN","docs/evidence/spec2-acceptance.md; r6-portability.md; r7-workflow-checkpoint.md"
"Steady_PRD:70","Steady_PRD.md","70","### P-01 — Navigation, onboarding and personalization · P0","**Accept when:** all five tabs open; Safety is reachable without completing a task or stopping a timer; Back behaves predictably; restart preserves selected preferences; fresh install shows empty or instructional states, with no invented completed activity or medical details. Source: E, N, S0–S6, U3.","MAPPED_ACCEPTANCE_OPEN","docs/evidence/spec2-acceptance.md; r6-portability.md; r7-workflow-checkpoint.md"
"Steady_PRD:72","Steady_PRD.md","72","### P-02 — Today dashboard and plan · P0","### P-02 — Today dashboard and plan · P0","MAPPED_ACCEPTANCE_OPEN","docs/evidence/spec2-acceptance.md; r6-portability.md; r7-workflow-checkpoint.md"
"Steady_PRD:74","Steady_PRD.md","74","### P-02 — Today dashboard and plan · P0","Show date, optional greeting, three configurable progress summaries, next action, routine anchors, task timeline and quick actions. Default rings are steps, focus minutes and habits, but unavailable steps must say unavailable or invite setup. Allow supported cards to be hidden, reordered and resized within accessible layouts.","MAPPED_ACCEPTANCE_OPEN","docs/evidence/spec2-acceptance.md; r6-portability.md; r7-workflow-checkpoint.md"
"Steady_PRD:76","Steady_PRD.md","76","### P-02 — Today dashboard and plan · P0","Tasks include title, category, optional subject/project, planned duration, optional time slot, priority and completion state. Adding or editing a task never requires AI. A timeline represents plans, recorded events or explicitly self-reported energy, not measured hormones or readiness.","MAPPED_ACCEPTANCE_OPEN","docs/evidence/spec2-acceptance.md; r6-portability.md; r7-workflow-checkpoint.md"
"Steady_PRD:78","Steady_PRD.md","78","### P-02 — Today dashboard and plan · P0","**Accept when:** adding, completing, undoing and rescheduling persist after restart; dashboard changes persist; no-target and unavailable rings remain understandable; aggregate values match underlying records; large text does not hide primary controls. Source: E routines, N PlanItem, S3, U2/U3.","MAPPED_ACCEPTANCE_OPEN","docs/evidence/spec2-acceptance.md; r6-portability.md; r7-workflow-checkpoint.md"
"Steady_PRD:80","Steady_PRD.md","80","### P-03 — Habits and routine history · P0","### P-03 — Habits and routine history · P0","MAPPED_ACCEPTANCE_OPEN","docs/evidence/spec2-acceptance.md; r6-portability.md; r7-workflow-checkpoint.md"
"Steady_PRD:82","Steady_PRD.md","82","### P-03 — Habits and routine history · P0","Support checkbox, count, duration and quantity habits; editable units and targets; selected weekdays or simple repeat schedules; optional notes and reminders. Each scheduled occurrence has its own pending, partial, completed, skipped or missing state. A habit definition is not a daily completion record.","MAPPED_ACCEPTANCE_OPEN","docs/evidence/spec2-acceptance.md; r6-portability.md; r7-workflow-checkpoint.md"
"Steady_PRD:84","Steady_PRD.md","84","### P-03 — Habits and routine history · P0","Store historical title/schedule/target snapshots. Changing a habit today must not rewrite last month's meaning. Archive a habit without deleting its history. Offer undo for accidental logging. Use completion summaries without compulsory streak rewards or punitive broken-streak messages.","MAPPED_ACCEPTANCE_OPEN","docs/evidence/spec2-acceptance.md; r6-portability.md; r7-workflow-checkpoint.md"
"Steady_PRD:86","Steady_PRD.md","86","### P-03 — Habits and routine history · P0","**Accept when:** edits affect the intended effective date; a non-scheduled date is not counted as a failure; duplicate taps do not double-log; archived habits remain in historical Review and export; a new logical day starts with the appropriate occurrences. Source: E/N, S3/S6, Blossom and BuddyHabit pattern references in U3; buddy features excluded.","MAPPED_ACCEPTANCE_OPEN","docs/evidence/spec2-acceptance.md; r6-portability.md; r7-workflow-checkpoint.md"
"Steady_PRD:88","Steady_PRD.md","88","### P-04 — Normal, Minimum and Pause Day · P0","### P-04 — Normal, Minimum and Pause Day · P0","MAPPED_ACCEPTANCE_OPEN","docs/evidence/spec2-acceptance.md; r6-portability.md; r7-workflow-checkpoint.md"
"Steady_PRD:90","Steady_PRD.md","90","### P-04 — Normal, Minimum and Pause Day · P0","Normal shows the user's enabled plan. Minimum shows selected essentials and hides optional demands without deleting them. Suggested editable anchors may be 10 minutes of study, 10 minutes of building and 5 minutes of comfortable movement, with movement entirely optional. These are planning examples, not exercise instructions or quotas. Pause suppresses optional goals and reminders while retaining Safety and existing history.","MAPPED_ACCEPTANCE_OPEN","docs/evidence/spec2-acceptance.md; r6-portability.md; r7-workflow-checkpoint.md"
"Steady_PRD:92","Steady_PRD.md","92","### P-04 — Normal, Minimum and Pause Day · P0","**Accept when:** transitions work in either direction; a day-mode change never fabricates completion; previous work remains; paused or unscheduled items do not inflate failure counts; the next day follows the chosen policy. Source: A/B, E, conversation.","MAPPED_ACCEPTANCE_OPEN","docs/evidence/spec2-acceptance.md; r6-portability.md; r7-workflow-checkpoint.md"
"Steady_PRD:94","Steady_PRD.md","94","### P-05 — Focus, subjects, task queue and notes · P0","### P-05 — Focus, subjects, task queue and notes · P0","MAPPED_ACCEPTANCE_OPEN","docs/evidence/spec2-acceptance.md; r6-portability.md; r7-workflow-checkpoint.md"
"Steady_PRD:96","Steady_PRD.md","96","### P-05 — Focus, subjects, task queue and notes · P0","Offer Study and Build session labels, subjects/topics, a small task queue, plain-text/Markdown scratchpad and presets 15/3, 25/5, 50/10 and 90/20 minutes, plus custom and open-ended sessions. These are editable presets. Pause, Resume, Stop and Save partial must be explicit. Record actual elapsed active time separately from planned time and break duration.","MAPPED_ACCEPTANCE_OPEN","docs/evidence/spec2-acceptance.md; r6-portability.md; r7-workflow-checkpoint.md"
"Steady_PRD:98","Steady_PRD.md","98","### P-05 — Focus, subjects, task queue and notes · P0","One active Focus session is allowed. Starting a workout while Focus is active asks whether to pause or end Focus; passive step observations may continue. Notes autosave with honest pending/saved/error status. Optional reflection records what was completed and perceived difficulty; never populate a rating on the user's behalf.","MAPPED_ACCEPTANCE_OPEN","docs/evidence/spec2-acceptance.md; r6-portability.md; r7-workflow-checkpoint.md"
"Steady_PRD:100","Steady_PRD.md","100","### P-05 — Focus, subjects, task queue and notes · P0","**Accept when:** skipping after two minutes of a 25-minute session records the actual two minutes, not 25; paused time is excluded; duplicate callbacks produce one result; rotation/process recreation recovers state; past-session editing updates totals while retaining notes; export preserves note content. Source: E Break, N Break/StudySession, S2/S5, U3.","MAPPED_ACCEPTANCE_OPEN","docs/evidence/spec2-acceptance.md; r6-portability.md; r7-workflow-checkpoint.md"
"Steady_PRD:102","Steady_PRD.md","102","### P-06 — Breaks, dim mode and Pocket Reset · P0; audio · P1","### P-06 — Breaks, dim mode and Pocket Reset · P0; audio · P1","MAPPED_ACCEPTANCE_OPEN","docs/evidence/spec2-acceptance.md; r6-portability.md; r7-workflow-checkpoint.md"
"Steady_PRD:104","Steady_PRD.md","104","### P-06 — Breaks, dim mode and Pocket Reset · P0; audio · P1","Provide configurable breaks, optional sound/haptics, readable dim mode and Pocket Reset: Pause, Breathe comfortably, Choose one next step. Every step can be skipped. Keep Stop, Exit and Safety visible and screen-reader accessible. Restore window brightness on exit. Ambient audio, if included, uses locally bundled licensed files and independent volume controls.","MAPPED_ACCEPTANCE_OPEN","docs/evidence/spec2-acceptance.md; r6-portability.md; r7-workflow-checkpoint.md"
"Steady_PRD:106","Steady_PRD.md","106","### P-06 — Breaks, dim mode and Pocket Reset · P0; audio · P1","**Accept when:** break state survives navigation; notification denial produces clear limitations; no every-second TalkBack announcements; alarms never silently promise exact delivery when unavailable; normal process death, reboot and force-stop cases are documented separately; essential navigation remains usable in dim mode. Source: A, E, N, S2/S5.","MAPPED_ACCEPTANCE_OPEN","docs/evidence/spec2-acceptance.md; r6-portability.md; r7-workflow-checkpoint.md"
"Steady_PRD:108","Steady_PRD.md","108","### P-07 — Workouts and movement · P0 manual; P1 sensors/routes","### P-07 — Workouts and movement · P0 manual; P1 sensors/routes","MAPPED_ACCEPTANCE_OPEN","docs/evidence/spec2-acceptance.md; r6-portability.md; r7-workflow-checkpoint.md"
"Steady_PRD:110","Steady_PRD.md","110","### P-07 — Workouts and movement · P0 manual; P1 sensors/routes","Provide Walking, Running, Cycling, Strength, Intervals, Mobility and Custom modes. Record start/end, pause segments, duration, notes and optional effort. Strength includes exercise templates, sets, repetitions, weight and rest timers. Intervals include configurable work/rest rounds. Manual logging remains available when sensors or permissions are absent.","MAPPED_ACCEPTANCE_OPEN","docs/evidence/spec2-acceptance.md; r6-portability.md; r7-workflow-checkpoint.md"
"Steady_PRD:112","Steady_PRD.md","112","### P-07 — Workouts and movement · P0 manual; P1 sensors/routes","Where enabled, distinguish phone-observed steps, active GPS distance/routes, user-entered values and calculated estimates. Record provenance and observation time. Do not infer steps from workout minutes or label fixed formulas as Xiaomi sensor algorithms. Do not infer heart rate, posture, sweat loss or physiological readiness from unsupported inputs.","MAPPED_ACCEPTANCE_OPEN","docs/evidence/spec2-acceptance.md; r6-portability.md; r7-workflow-checkpoint.md"
"Steady_PRD:114","Steady_PRD.md","114","### P-07 — Workouts and movement · P0 manual; P1 sensors/routes","Optional activity-calorie estimates require the necessary user input and an explained method; no assumed 70 kg body mass or artificial minimum calories. Keep estimates separate from direct measurements and prevent overlapping step/workout estimates from being added twice.","MAPPED_ACCEPTANCE_OPEN","docs/evidence/spec2-acceptance.md; r6-portability.md; r7-workflow-checkpoint.md"
"Steady_PRD:116","Steady_PRD.md","116","### P-07 — Workouts and movement · P0 manual; P1 sensors/routes","**Accept when:** zero-length/canceled activity does not create artificial exercise; editing/deleting recalculates affected summaries; denied permission supports manual mode; stopping ends active tracking; GPS interruption displays missing coverage rather than a fabricated straight-line workout; screen-off behavior is tested on the actual phone. Source: N Health, S0/S4, U3.","MAPPED_ACCEPTANCE_OPEN","docs/evidence/spec2-acceptance.md; r6-portability.md; r7-workflow-checkpoint.md"
"Steady_PRD:118","Steady_PRD.md","118","### P-08 — Food, water, sleep and existing care routines · P0","### P-08 — Food, water, sleep and existing care routines · P0","MAPPED_ACCEPTANCE_OPEN","docs/evidence/spec2-acceptance.md; r6-portability.md; r7-workflow-checkpoint.md"
"Steady_PRD:120","Steady_PRD.md","120","### P-08 — Food, water, sleep and existing care routines · P0","Food supports editable meal ideas, favorites, ingredients, vegetarian/mixed preferences, budget, preparation time and user-entered avoidance tags. Preserve the earlier request for practical fruit/food ideas and nutrient-source reference content, with a content-review date and no treatment promises. Recipes and defaults remain editable. Ingredient filtering must not claim to guarantee allergy safety.","MAPPED_ACCEPTANCE_OPEN","docs/evidence/spec2-acceptance.md; r6-portability.md; r7-workflow-checkpoint.md"
"Steady_PRD:122","Steady_PRD.md","122","### P-08 — Food, water, sleep and existing care routines · P0","Water logs use actual serving amounts with custom sizes and an optional target. Provide undo and history correction. No mandatory universal intake or silent 5 L cap. Sleep is manually entered with bedtime/wake time and optional restedness; do not infer sleep stages. Care reminders reproduce instructions entered by the user; the app does not choose supplements, diagnose deficiencies or calculate doses.","MAPPED_ACCEPTANCE_OPEN","docs/evidence/spec2-acceptance.md; r6-portability.md; r7-workflow-checkpoint.md"
"Steady_PRD:124","Steady_PRD.md","124","### P-08 — Food, water, sleep and existing care routines · P0","**Accept when:** overnight sleep is represented correctly; water totals equal logs; recipes can be edited/favorited/deleted; empty targets are valid; no physiological score appears without a defined valid source. Source: A/B, E food reference, N FoodIdea/telemetry, U2/U3.","MAPPED_ACCEPTANCE_OPEN","docs/evidence/spec2-acceptance.md; r6-portability.md; r7-workflow-checkpoint.md"
"Steady_PRD:126","Steady_PRD.md","126","### P-09 — Distraction pause and usage insights · P0 voluntary; P1 platform integration","### P-09 — Distraction pause and usage insights · P0 voluntary; P1 platform integration","MAPPED_ACCEPTANCE_OPEN","docs/evidence/spec2-acceptance.md; r6-portability.md; r7-workflow-checkpoint.md"
"Steady_PRD:128","Steady_PRD.md","128","### P-09 — Distraction pause and usage insights · P0 voluntary; P1 platform integration","The core offers voluntary focus intentions and a practice pause screen. Optional Usage Access enables observed usage summaries; it does not itself block apps. Cross-app interception is a separate feasibility-gated capability, with clear enable/disable controls, essential-app exemptions, bypass, permission state and platform limitations.","MAPPED_ACCEPTANCE_OPEN","docs/evidence/spec2-acceptance.md; r6-portability.md; r7-workflow-checkpoint.md"
"Steady_PRD:130","Steady_PRD.md","130","### P-09 — Distraction pause and usage insights · P0 voluntary; P1 platform integration","Capture only the minimum required event/app metadata. Do not read screen contents, messages or credentials. Do not use anti-uninstall behavior or prevent leaving the app. Permission revocation cannot break planning or Safety.","MAPPED_ACCEPTANCE_OPEN","docs/evidence/spec2-acceptance.md; r6-portability.md; r7-workflow-checkpoint.md"
"Steady_PRD:132","Steady_PRD.md","132","### P-09 — Distraction pause and usage insights · P0 voluntary; P1 platform integration","**Accept when:** voluntary practice is labeled; Active appears only with a functioning supporting service; blocked/returned/bypassed counts come from recorded events; unsupported interception is absent or marked unavailable; Xiaomi demonstration includes bypass and revoked-permission cases. Source: S1, N Regain mock, U3.","MAPPED_ACCEPTANCE_OPEN","docs/evidence/spec2-acceptance.md; r6-portability.md; r7-workflow-checkpoint.md"
"Steady_PRD:134","Steady_PRD.md","134","### P-10 — Review and adjustments · P0","### P-10 — Review and adjustments · P0","MAPPED_ACCEPTANCE_OPEN","docs/evidence/spec2-acceptance.md; r6-portability.md; r7-workflow-checkpoint.md"
"Steady_PRD:136","Steady_PRD.md","136","### P-10 — Review and adjustments · P0","Provide week/month navigation; focus by subject; habit matrix; workout and optional steps/water/sleep history; and short optional reflection. Show differences with clear units and denominators. Missing information, skipped items and genuine zero values remain distinct. Any chart has a readable list/text alternative.","MAPPED_ACCEPTANCE_OPEN","docs/evidence/spec2-acceptance.md; r6-portability.md; r7-workflow-checkpoint.md"
"Steady_PRD:138","Steady_PRD.md","138","### P-10 — Review and adjustments · P0","Reflection prompts include what helped, what was too demanding, what evidence changed, and one adjustment. Optional highlight, obstacle and tomorrow priority preserve useful native prototype ideas. No invented population percentiles, statistical confidence, clinical interpretation or causal claims from sparse personal logs.","MAPPED_ACCEPTANCE_OPEN","docs/evidence/spec2-acceptance.md; r6-portability.md; r7-workflow-checkpoint.md"
"Steady_PRD:140","Steady_PRD.md","140","### P-10 — Review and adjustments · P0","**Accept when:** controlled fixture records produce exact expected totals; historical edits update charts without wiping written reflections; date windows respect time policy; sparse and empty periods are usable; a chart datum opens its supporting records. Source: E weeklyReflection, N DailyReview, S6.","MAPPED_ACCEPTANCE_OPEN","docs/evidence/spec2-acceptance.md; r6-portability.md; r7-workflow-checkpoint.md"
"Steady_PRD:142","Steady_PRD.md","142","### P-11 — Public and private Safety · P0","### P-11 — Public and private Safety · P0","MAPPED_ACCEPTANCE_OPEN","docs/evidence/spec2-acceptance.md; r6-portability.md; r7-workflow-checkpoint.md"
"Steady_PRD:144","Steady_PRD.md","144","### P-11 — Public and private Safety · P0","Public help uses a bundled, region-labeled, reviewed directory, separate from personal storage. India may be suggested during onboarding, with explicit confirmation. Public dial actions open the system dialer; any message action opens a preview/composer and does not send automatically.","MAPPED_ACCEPTANCE_OPEN","docs/evidence/spec2-acceptance.md; r6-portability.md; r7-workflow-checkpoint.md"
"Steady_PRD:146","Steady_PRD.md","146","### P-11 — Public and private Safety · P0","Private Safety starts empty and may hold warning signs, coping steps, support contacts and user-entered care information. It is stored separately and encrypted. No inferred diagnosis or seeded medical profile. An app lock or private-data failure must not hide the public help route.","MAPPED_ACCEPTANCE_OPEN","docs/evidence/spec2-acceptance.md; r6-portability.md; r7-workflow-checkpoint.md"
"Steady_PRD:148","Steady_PRD.md","148","### P-11 — Public and private Safety · P0","**Accept when:** airplane mode, organiser corruption, private-store corruption and authentication cancellation still permit public Safety access; numbers are checked against official sources before release; private content does not enter ordinary exports, backups, diagnostics or connected prompts. Source: A/B, E/N Safety, conversation.","MAPPED_ACCEPTANCE_OPEN","docs/evidence/spec2-acceptance.md; r6-portability.md; r7-workflow-checkpoint.md"
"Steady_PRD:150","Steady_PRD.md","150","### P-12 — Settings, privacy, export and restore · P0","### P-12 — Settings, privacy, export and restore · P0","MAPPED_ACCEPTANCE_OPEN","docs/evidence/spec2-acceptance.md; r6-portability.md; r7-workflow-checkpoint.md"
"Steady_PRD:152","Steady_PRD.md","152","### P-12 — Settings, privacy, export and restore · P0","Expose appearance, accessibility, enabled modules, day policy, reminders, permissions, lock, export/recovery and diagnostics. Authenticate through an enforced platform mechanism; a visible PIN toggle without real protection is unacceptable. Personal records reside in encrypted stores; non-sensitive bootstrap settings are narrowly separated.","MAPPED_ACCEPTANCE_OPEN","docs/evidence/spec2-acceptance.md; r6-portability.md; r7-workflow-checkpoint.md"
"Steady_PRD:154","Steady_PRD.md","154","### P-12 — Settings, privacy, export and restore · P0","Markdown export includes a selected date range/categories with preview and a clear readable-file warning. Portable backup encrypts eligible organiser records with a user passphrase. Safety, support contacts, keys and credentials are always excluded. GPS geometry is excluded by default and needs explicit scope selection. Restore validates and previews before an atomic commit; interrupted timers are not restarted automatically.","MAPPED_ACCEPTANCE_OPEN","docs/evidence/spec2-acceptance.md; r6-portability.md; r7-workflow-checkpoint.md"
"Steady_PRD:156","Steady_PRD.md","156","### P-12 — Settings, privacy, export and restore · P0","**Accept when:** wrong passphrase/corrupt/oversized backup does not alter existing records; complete eligible-data round-trip preserves relationships and history; Safety remains unchanged; file-provider cancellation and disk-full errors never report success; deleting local data explains the limits for already-exported files. Source: A/B, E export, N export/restore defects.","MAPPED_ACCEPTANCE_OPEN","docs/evidence/spec2-acceptance.md; r6-portability.md; r7-workflow-checkpoint.md"
"Steady_PRD:158","Steady_PRD.md","158","## 6. Nonfunctional requirements","## 6. Nonfunctional requirements","DOCUMENT_STRUCTURE","Source heading retained unchanged; no implementation acceptance implied."
"Steady_PRD:160","Steady_PRD.md","160","## 6. Nonfunctional requirements","| ID | Requirement | Release evidence |","PENDING_RECONCILIATION",""
"Steady_PRD:161","Steady_PRD.md","161","## 6. Nonfunctional requirements","|---|---|---|","DOCUMENT_STRUCTURE","Table separator; no functional requirement."
"Steady_PRD:162","Steady_PRD.md","162","## 6. Nonfunctional requirements","| Q-01 | Offline core works without INTERNET permission, login or analytics | Merged manifest inspection and offline end-to-end journey |","PENDING_RECONCILIATION",""
"Steady_PRD:163","Steady_PRD.md","163","## 6. Nonfunctional requirements","| Q-02 | Personal storage encrypted; no destructive schema migration | On-device storage inspection, migration and key-failure tests |","PENDING_RECONCILIATION",""
"Steady_PRD:164","Steady_PRD.md","164","## 6. Nonfunctional requirements","| Q-03 | App remains usable with notifications, activity or location denied | Permission-denial and revocation matrix |","PENDING_RECONCILIATION",""
"Steady_PRD:165","Steady_PRD.md","165","## 6. Nonfunctional requirements","| Q-04 | 56 dp primary touch targets; scalable text; TalkBack; reduced motion | Manual checks, automated scans where applicable, measured contrast |","PENDING_RECONCILIATION",""
"Steady_PRD:166","Steady_PRD.md","166","## 6. Nonfunctional requirements","| Q-05 | Essential normal text aims for 7:1; other normal text at least 4.5:1; large text/non-text at least 3:1 | Actual rendered color-pair measurements in every supported theme |","PENDING_RECONCILIATION",""
"Steady_PRD:167","Steady_PRD.md","167","## 6. Nonfunctional requirements","| Q-06 | Years of records do not require loading all history to show Today | Synthetic decade dataset, bounded queries, backup/restore benchmark |","PENDING_RECONCILIATION",""
"Steady_PRD:168","Steady_PRD.md","168","## 6. Nonfunctional requirements","| Q-07 | Proposed targets: warm Today ≤2 s, visible response ≤100 ms, normal save ≤500 ms; smooth 60 Hz rendering | Measured on agreed reference device; report p95, workload and exceptions |","PENDING_RECONCILIATION",""
"Steady_PRD:169","Steady_PRD.md","169","## 6. Nonfunctional requirements","| Q-08 | No active location/sensor work after a stopped session | Service lifecycle and battery observations, including screen-off use |","PENDING_RECONCILIATION",""
"Steady_PRD:170","Steady_PRD.md","170","## 6. Nonfunctional requirements","| Q-09 | Historical time interpretation stable | Boundary, timezone, clock change, reboot and daylight-saving fixtures |","PENDING_RECONCILIATION",""
"Steady_PRD:171","Steady_PRD.md","171","## 6. Nonfunctional requirements","| Q-10 | Recoverable errors preserve existing records | Corruption, migration and interrupted-import scenarios |","PENDING_RECONCILIATION",""
"Steady_PRD:172","Steady_PRD.md","172","## 6. Nonfunctional requirements","| Q-11 | Diagnostics contain technical events, not personal content | Log review and export inspection |","PENDING_RECONCILIATION",""
"Steady_PRD:173","Steady_PRD.md","173","## 6. Nonfunctional requirements","| Q-12 | Licensed local assets; reproducible build identity | Asset/dependency inventory, clean build, signing and artifact metadata |","PENDING_RECONCILIATION",""
"Steady_PRD:175","Steady_PRD.md","175","## 6. Nonfunctional requirements","Performance figures are acceptance targets to benchmark, not prototype measurements. If a target needs revision, document the measured reason before changing it.","PENDING_RECONCILIATION",""
"Steady_PRD:177","Steady_PRD.md","177","## 7. Time, truth and privacy rules","## 7. Time, truth and privacy rules","DOCUMENT_STRUCTURE","Source heading retained unchanged; no implementation acceptance implied."
"Steady_PRD:179","Steady_PRD.md","179","## 7. Time, truth and privacy rules","The proposed initial timezone is Asia/Kolkata with a configurable 04:00 logical-day boundary. Confirm during setup. Preserve historical policy snapshots; changing the boundary should not reinterpret all old dates. Imported legacy records with calendar-midnight dates retain that provenance. Split actual activity across day boundaries consistently rather than giving an entire long session to whichever screen is open.","PENDING_RECONCILIATION",""
"Steady_PRD:181","Steady_PRD.md","181","## 7. Time, truth and privacy rules","Every value must be one of: user entry, phone observation, imported observation, derived aggregate or estimate. Unknown is not zero. A planned task is not completed work. A background API being present is not proof an event happened. An attractive graph is not evidence of physiology.","PENDING_RECONCILIATION",""
"Steady_PRD:183","Steady_PRD.md","183","## 7. Time, truth and privacy rules","No private content is prefilled from this conversation. The target stores only what the user deliberately enters or enables. Any later connected feature requires a preview of the exact outbound fields, explicit consent and a separate privacy contract. Safety content is excluded. Do not describe the offline core and an AI-connected variant with the same unconditional “never leaves your device” claim.","PENDING_RECONCILIATION",""
"Steady_PRD:185","Steady_PRD.md","185","## 8. Source coverage and retained backlog","## 8. Source coverage and retained backlog","DOCUMENT_STRUCTURE","Source heading retained unchanged; no implementation acceptance implied."
"Steady_PRD:187","Steady_PRD.md","187","## 8. Source coverage and retained backlog","| Source capability | Decision | Destination / timing |","PENDING_RECONCILIATION",""
"Steady_PRD:188","Steady_PRD.md","188","## 8. Source coverage and retained backlog","|---|---|---|","DOCUMENT_STRUCTURE","Table separator; no functional requirement."
"Steady_PRD:189","Steady_PRD.md","189","## 8. Source coverage and retained backlog","| E paper palette, orbit identity, routine anchors | Reuse original ideas after asset review | Daybook option, Today; P0 |","PENDING_RECONCILIATION",""
"Steady_PRD:190","Steady_PRD.md","190","## 8. Source coverage and retained backlog","| E Pocket Reset and gentle reflection | Adapt | Focus/Safety and Review; P0 |","PENDING_RECONCILIATION",""
"Steady_PRD:191","Steady_PRD.md","191","## 8. Source coverage and retained backlog","| E basic tests and file workflows | Retain relevant cases/flows, replace storage assumptions | P0 verification and export |","PENDING_RECONCILIATION",""
"Steady_PRD:192","Steady_PRD.md","192","## 8. Source coverage and retained backlog","| E server/OAuth/MySQL/tRPC template | Exclude from native core | No matching product need |","PENDING_RECONCILIATION",""
"Steady_PRD:193","Steady_PRD.md","193","## 8. Source coverage and retained backlog","| N native cards, recipes, workout modes | Adapt after correcting data and navigation | Today/Health; P0/P1 |","PENDING_RECONCILIATION",""
"Steady_PRD:194","Steady_PRD.md","194","## 8. Source coverage and retained backlog","| N AI task breakdown, meal ideas, reflections | Retain as optional proposal flows | P2 connected variant; structured preview/apply |","PENDING_RECONCILIATION",""
"Steady_PRD:195","Steady_PRD.md","195","## 8. Source coverage and retained backlog","| N simulated telemetry, seeded health data, fake PIN | Replace, never ship as genuine features | P0 corrections |","PENDING_RECONCILIATION",""
"Steady_PRD:196","Steady_PRD.md","196","## 8. Source coverage and retained backlog","| S0 Health / S4 workouts | Reuse structure and controls, remove unsupported readings | Health |","PENDING_RECONCILIATION",""
"Steady_PRD:197","Steady_PRD.md","197","## 8. Source coverage and retained backlog","| S1 interruption | Reuse layout with bypass and honest capability state | Voluntary P0; integration P1 |","PENDING_RECONCILIATION",""
"Steady_PRD:198","Steady_PRD.md","198","## 8. Source coverage and retained backlog","| S2 detailed / S5 compact Focus | Merge queue/notes with readable central timer | Focus |","PENDING_RECONCILIATION",""
"Steady_PRD:199","Steady_PRD.md","199","## 8. Source coverage and retained backlog","| S3 Today | Primary dashboard reference | Today |","PENDING_RECONCILIATION",""
"Steady_PRD:200","Steady_PRD.md","200","## 8. Source coverage and retained backlog","| S6 Review | Reuse matrix and summary layout; remove invented statistics | Review |","PENDING_RECONCILIATION",""
"Steady_PRD:201","Steady_PRD.md","201","## 8. Source coverage and retained backlog","| Original Today, Focus, Body, Review, Safety, portability | Retain and expand | P0/P1 described above |","PENDING_RECONCILIATION",""
"Steady_PRD:202","Steady_PRD.md","202","## 8. Source coverage and retained backlog","| Learn: retrieval cycle, topic states, spaced review, exam answer structure | Retain without forcing daily curriculum | P2, separate learning records |","PENDING_RECONCILIATION",""
"Steady_PRD:203","Steady_PRD.md","203","## 8. Source coverage and retained backlog","| Build: six-line project contract, acceptance gate, hackathon rubric, freeze/rehearsal/fallback, agent briefs | Retain | P2; basic project tags/notes in P0 |","PENDING_RECONCILIATION",""
"Steady_PRD:204","Steady_PRD.md","204","## 8. Source coverage and retained backlog","| Care appointments and factual clinician summary | Retain user-entered scope, no clinical inference | P2 encrypted module and explicit export policy |","PENDING_RECONCILIATION",""
"Steady_PRD:205","Steady_PRD.md","205","## 8. Source coverage and retained backlog","| Debrief and emotional regulation prompts | Pocket Reset now; richer optional debrief later | P0/P2, no automated diagnosis |","PENDING_RECONCILIATION",""
"Steady_PRD:206","Steady_PRD.md","206","## 8. Source coverage and retained backlog","| People: callbacks, observation/request, collaborator roles | Retain optional, no buddy network | P2 local tool |","PENDING_RECONCILIATION",""
"Steady_PRD:207","Steady_PRD.md","207","## 8. Source coverage and retained backlog","| Money Guard: discretionary cap, renewal tracking, purchase waiting period | Retain optional; protect care spending | P2 local tool |","PENDING_RECONCILIATION",""
"Steady_PRD:208","Steady_PRD.md","208","## 8. Source coverage and retained backlog","| Capture/parking: text inbox, share target, voice/OCR | Scratchpad now; inbox/integrations later | P0/P2 |","PENDING_RECONCILIATION",""
"Steady_PRD:209","Steady_PRD.md","209","## 8. Source coverage and retained backlog","| Regain, Blossom, BuddyHabit | Pattern inspiration only; no copied branding/assets | Usage pause, habit scheduling and presentation |","PENDING_RECONCILIATION",""
"Steady_PRD:210","Steady_PRD.md","210","## 8. Source coverage and retained backlog","| OpenGym / Vital3D references | Investigate assets, license and fit before use | P2 research; no claim source was retrieved or integrated |","PENDING_RECONCILIATION",""
"Steady_PRD:211","Steady_PRD.md","211","## 8. Source coverage and retained backlog","| Obsidian / calendar / health platform integration | Markdown export first; each deeper integration needs explicit scope | P0 export; P2 sync/import |","PENDING_RECONCILIATION",""
"Steady_PRD:213","Steady_PRD.md","213","## 8. Source coverage and retained backlog","Deferred items remain part of the product backlog, not hidden promises of the expanded release. Before implementing one, define a bounded useful task, data ownership, export policy, accessibility states and evidence of success. Do not bring Expo's entire backend or native AI service into the core merely because it appears in an archive.","PENDING_RECONCILIATION",""
"Steady_PRD:215","Steady_PRD.md","215","## 9. Delivery plan and evidence gates","## 9. Delivery plan and evidence gates","DOCUMENT_STRUCTURE","Source heading retained unchanged; no implementation acceptance implied."
"Steady_PRD:217","Steady_PRD.md","217","## 9. Delivery plan and evidence gates","The previous M01–M08 reports describe an earlier implementation with blocked builds. They are historical evidence, not proof of completion for either uploaded variant. The new sequence uses **R0–R7** to avoid confusing the two.","PENDING_RECONCILIATION",""
"Steady_PRD:219","Steady_PRD.md","219","## 9. Delivery plan and evidence gates","| Stage | Deliverable | Exit gate |","PENDING_RECONCILIATION",""
"Steady_PRD:220","Steady_PRD.md","220","## 9. Delivery plan and evidence gates","|---|---|---|","DOCUMENT_STRUCTURE","Table separator; no functional requirement."
"Steady_PRD:221","Steady_PRD.md","221","## 9. Delivery plan and evidence gates","| R0 — Reconcile and build | Identify canonical repository, package/signing/schema; restore wrapper; freeze proven toolchain; establish encrypted stores and migration baseline | Clean checkout builds and installs on a capable host; no destructive migration; documented source comparison |","PENDING_RECONCILIATION",""
"Steady_PRD:222","Steady_PRD.md","222","## 9. Delivery plan and evidence gates","| R1 — Accessible shell | Shared components, five tabs, themes, onboarding, independent Safety | TalkBack/large-text checks; public Safety under lock and DB failure |","PENDING_RECONCILIATION",""
"Steady_PRD:223","Steady_PRD.md","223","## 9. Delivery plan and evidence gates","| R2 — Today and habits | Dashboard, task timeline, routines, historical occurrences, Minimum/Pause | Persistence and day-boundary tests; exact aggregate fixtures; undo works |","PENDING_RECONCILIATION",""
"Steady_PRD:224","Steady_PRD.md","224","## 9. Delivery plan and evidence gates","| R3 — Focus and notes | Session engine, queue, scratchpad, breaks, Pocket Reset | Actual-time accounting, process recovery, notification restrictions, duplicate prevention |","PENDING_RECONCILIATION",""
"Steady_PRD:225","Steady_PRD.md","225","## 9. Delivery plan and evidence gates","| R4 — Health | Manual workouts, food/water/sleep; gated step/GPS adapters | Edit/delete totals; permission/manual fallback; actual phone tracking evidence for enabled sensors |","PENDING_RECONCILIATION",""
"Steady_PRD:226","Steady_PRD.md","226","## 9. Delivery plan and evidence gates","| R5 — Distraction | Voluntary pause; usage/interception only if feasible | Xiaomi proof, bypass, exemptions, revocation and clear unsupported behavior |","PENDING_RECONCILIATION",""
"Steady_PRD:227","Steady_PRD.md","227","## 9. Delivery plan and evidence gates","| R6 — Review and portability | Historical charts, reflections, Markdown, encrypted backup/restore | Known-data totals, complete round-trip, Safety exclusion, atomic failure tests |","PENDING_RECONCILIATION",""
"Steady_PRD:228","Steady_PRD.md","228","## 9. Delivery plan and evidence gates","| R7 — Personal-use release | Device/accessibility/battery checks, long-history performance, reproducible APK and limitations | Every P0 accepted; P1 explicitly enabled/tested or deferred; install and recovery evidence attached |","PENDING_RECONCILIATION",""
"Steady_PRD:230","Steady_PRD.md","230","## 9. Delivery plan and evidence gates","Each stage reports commit, commands/exits, device/software, acceptance IDs, evidence, unresolved limits and next action. Use VERIFIED only for demonstrated criteria; IMPLEMENTED BUT UNTESTED for source without execution; BLOCKED with a concrete failed command and reason. Packaging a ZIP is not installation verification.","PENDING_RECONCILIATION",""
"Steady_PRD:232","Steady_PRD.md","232","## 9. Delivery plan and evidence gates","Parallel drafting is permissible; marking a dependent feature accepted without its prerequisites is not. A frozen build host is a delivery blocker to resolve through a capable authorized host or CI, not evidence that the source compiles. The phone must receive a real downloadable artifact; a remote `/workspace` path or unforwarded localhost address is not a download method.","PENDING_RECONCILIATION",""
"Steady_PRD:234","Steady_PRD.md","234","## 10. Product validation and success measures","## 10. Product validation and success measures","DOCUMENT_STRUCTURE","Source heading retained unchanged; no implementation acceptance implied."
"Steady_PRD:236","Steady_PRD.md","236","## 10. Product validation and success measures","Do not add remote analytics to measure these goals. Use synthetic tests, voluntary user feedback and local summaries that the owner can inspect or delete.","PENDING_RECONCILIATION",""
"Steady_PRD:238","Steady_PRD.md","238","## 10. Product validation and success measures","| Question | Measure | Initial acceptance approach |","PENDING_RECONCILIATION",""
"Steady_PRD:239","Steady_PRD.md","239","## 10. Product validation and success measures","|---|---|---|","DOCUMENT_STRUCTURE","Table separator; no functional requirement."
"Steady_PRD:240","Steady_PRD.md","240","## 10. Product validation and success measures","| Can the user get started easily? | Time/actions to begin a selected task | Onboarding walkthrough and three common daily scenarios |","PENDING_RECONCILIATION",""
"Steady_PRD:241","Steady_PRD.md","241","## 10. Product validation and success measures","| Does the app reduce administrative work? | User-reported logging effort and repeated friction | Short optional review after a week; simplify high-friction flows |","PENDING_RECONCILIATION",""
"Steady_PRD:242","Steady_PRD.md","242","## 10. Product validation and success measures","| Are records trustworthy? | Totals versus known fixture events | Exact agreement for time/counts; documented tolerances for sensors/estimates |","PENDING_RECONCILIATION",""
"Steady_PRD:243","Steady_PRD.md","243","## 10. Product validation and success measures","| Does it tolerate imperfect use? | Return after skipped days; Minimum/Pause use | No backlog flood, fake failures or forced catch-up |","PENDING_RECONCILIATION",""
"Steady_PRD:244","Steady_PRD.md","244","## 10. Product validation and success measures","| Is it accessible in real use? | Completion of essential journeys with large text/TalkBack | All essential journeys pass on the primary device |","PENDING_RECONCILIATION",""
"Steady_PRD:245","Steady_PRD.md","245","## 10. Product validation and success measures","| Can the owner recover data? | Eligible-record round-trip and failure preservation | All categories/relations preserved; Safety untouched |","PENDING_RECONCILIATION",""
"Steady_PRD:246","Steady_PRD.md","246","## 10. Product validation and success measures","| Is long-term operation practical? | Query/export times and storage growth with decade dataset | Meet agreed budgets; document large-export costs |","PENDING_RECONCILIATION",""
"Steady_PRD:248","Steady_PRD.md","248","## 10. Product validation and success measures","Do not make daily engagement time, streak length or number of logged fields the main success metric. The app should support work and life outside the app.","PENDING_RECONCILIATION",""
"Steady_PRD:250","Steady_PRD.md","250","## 11. Risks, unresolved inputs and decision owners","## 11. Risks, unresolved inputs and decision owners","DOCUMENT_STRUCTURE","Source heading retained unchanged; no implementation acceptance implied."
"Steady_PRD:252","Steady_PRD.md","252","## 11. Risks, unresolved inputs and decision owners","| Risk / unknown | Response | Decision point |","PENDING_RECONCILIATION",""
"Steady_PRD:253","Steady_PRD.md","253","## 11. Risks, unresolved inputs and decision owners","|---|---|---|","DOCUMENT_STRUCTURE","Table separator; no functional requirement."
"Steady_PRD:254","Steady_PRD.md","254","## 11. Risks, unresolved inputs and decision owners","| Uploaded native code differs from previously pushed implementation | Compare commits/files before porting; preserve stable identity | R0, developer |","PENDING_RECONCILIATION",""
"Steady_PRD:255","Steady_PRD.md","255","## 11. Risks, unresolved inputs and decision owners","| No verified build host | Prove local host or authorized CI before further acceptance | R0, developer/owner |","PENDING_RECONCILIATION",""
"Steady_PRD:256","Steady_PRD.md","256","## 11. Risks, unresolved inputs and decision owners","| Large feature scope | Deliver P0 vertical slices; gate P1/P2 separately | Every stage, owner |","PENDING_RECONCILIATION",""
"Steady_PRD:257","Steady_PRD.md","257","## 11. Risks, unresolved inputs and decision owners","| OEM background limits | Test actual device, expose limitations, retain manual fallback | R3–R5, developer |","PENDING_RECONCILIATION",""
"Steady_PRD:258","Steady_PRD.md","258","## 11. Risks, unresolved inputs and decision owners","| Encryption/key loss versus recovery expectations | Explain eligible backup and device-only Safety; test failure paths | R0/R6, developer/owner |","PENDING_RECONCILIATION",""
"Steady_PRD:259","Steady_PRD.md","259","## 11. Risks, unresolved inputs and decision owners","| Sparse or inaccurate health observations | Provenance, missing-data states, no clinical inference | R4, developer |","PENDING_RECONCILIATION",""
"Steady_PRD:260","Steady_PRD.md","260","## 11. Risks, unresolved inputs and decision owners","| Excessive dashboard complexity | Configurable modules, Minimum Day, readable list alternatives | R1/R2, design/owner |","PENDING_RECONCILIATION",""
"Steady_PRD:261","Steady_PRD.md","261","## 11. Risks, unresolved inputs and decision owners","| Asset/dependency rights unconfirmed | Inventory and license review before distribution | R0/R7, developer |","PENDING_RECONCILIATION",""
"Steady_PRD:262","Steady_PRD.md","262","## 11. Risks, unresolved inputs and decision owners","| Directory entries or platform policy changes | Recheck official references at release; date bundled content | R7, developer |","PENDING_RECONCILIATION",""
"Steady_PRD:263","Steady_PRD.md","263","## 11. Risks, unresolved inputs and decision owners","| Exact KDF/dependency/device performance unknown | Prove and pin using the technical gate; no invented certainty | R0/R6, developer |","PENDING_RECONCILIATION",""
"Steady_PRD:265","Steady_PRD.md","265","## 11. Risks, unresolved inputs and decision owners","Routine defaults in these documents allow implementation to proceed. Confirm only decisions that cannot be inferred from the repository or device, such as signing ownership, irreversible data replacement or an external paid service. Keep all unresolved facts visible in evidence rather than treating a polished document as proof.","PENDING_RECONCILIATION",""
"Steady_PRD:267","Steady_PRD.md","267","## 12. Definition of done","## 12. Definition of done","DOCUMENT_STRUCTURE","Source heading retained unchanged; no implementation acceptance implied."
"Steady_PRD:269","Steady_PRD.md","269","## 12. Definition of done","The expanded personal-use release is done when its canonical source builds reproducibly, installs on the agreed phone, passes every P0 acceptance case, labels or omits unproven optional capabilities, preserves real records through updates and recovery, and completes essential journeys offline with accessible controls. It includes a versioned APK, source commit, dependency/asset inventory, test evidence and an honest list of supported conditions.","PENDING_RECONCILIATION",""
"Steady_PRD:271","Steady_PRD.md","271","## 12. Definition of done","This documentation task delivers the product, design and technical specification plus source inventory. It does not build, publish or push an application, and makes no claim that either supplied prototype has passed those release gates.","PENDING_RECONCILIATION",""
"Steady_Design_Document:1","Steady_Design_Document.md","1","# Steady — Detailed Design Specification","# Steady — Detailed Design Specification","DOCUMENT_STRUCTURE","Source heading retained unchanged; no implementation acceptance implied."
"Steady_Design_Document:3","Steady_Design_Document.md","3","# Steady — Detailed Design Specification","**Version:** 2.0 · **Date:** 6 October 2026 · **Status:** target experience and implementation specification.","PENDING_RECONCILIATION",""
"Steady_Design_Document:5","Steady_Design_Document.md","5","# Steady — Detailed Design Specification","Read with `Steady_Tech_Stack.md` and `Steady_PRD.md`. This document merges the visual and behavioral evidence from both code ZIPs, all seven Stitch exports, the prior architecture and the two pasted briefs. It specifies what to build; it does not certify that the uploaded prototypes already behave this way.","PENDING_RECONCILIATION",""
"Steady_Design_Document:7","Steady_Design_Document.md","7","## 1. Experience direction","## 1. Experience direction","DOCUMENT_STRUCTURE","Source heading retained unchanged; no implementation acceptance implied."
"Steady_Design_Document:9","Steady_Design_Document.md","9","## 1. Experience direction","Steady helps a person choose a manageable next action, focus on study or building, record movement and daily routines, and review what actually happened. It is for ongoing daily use. The earlier three-week build target does not create an expiry, challenge countdown or compulsory streak.","PENDING_RECONCILIATION",""
"Steady_Design_Document:11","Steady_Design_Document.md","11","## 1. Experience direction","Combine two complementary directions:","PENDING_RECONCILIATION",""
"Steady_Design_Document:13","Steady_Design_Document.md","13","## 1. Experience direction","- **Kinetic:** the emerald/indigo rings, modular dashboard, clear workout sets and meaningful charts in Stitch.","PENDING_RECONCILIATION",""
"Steady_Design_Document:14","Steady_Design_Document.md","14","## 1. Experience direction","- **Daybook:** the Expo implementation's warm paper, orbit mark, humane reflection, routine anchors and Pocket Reset.","PENDING_RECONCILIATION",""
"Steady_Design_Document:16","Steady_Design_Document.md","16","## 1. Experience direction","Use one component system with two palette choices. Kinetic is the initial visual default because the user requested a richer interface. Daybook is an optional warm appearance using the same navigation and behavior. Dark and high-contrast variants apply to either. Avoid implementing two unrelated apps behind a theme switch.","PENDING_RECONCILIATION",""
"Steady_Design_Document:18","Steady_Design_Document.md","18","## 1. Experience direction","Visual richness comes from layout, typography, real progress and responsive controls. Do not fill empty space with invented physiological scores or decorative live indicators. Key actions must be understandable without knowing terms such as telemetry, dopamine velocity or circadian coherence.","PENDING_RECONCILIATION",""
"Steady_Design_Document:20","Steady_Design_Document.md","20","## 2. Source-to-design map","## 2. Source-to-design map","DOCUMENT_STRUCTURE","Source heading retained unchanged; no implementation acceptance implied."
"Steady_Design_Document:22","Steady_Design_Document.md","22","## 2. Source-to-design map","| Source | Preserve | Adapt or remove |","PENDING_RECONCILIATION",""
"Steady_Design_Document:23","Steady_Design_Document.md","23","## 2. Source-to-design map","|---|---|---|","DOCUMENT_STRUCTURE","Table separator; no functional requirement."
"Steady_Design_Document:24","Steady_Design_Document.md","24","## 2. Source-to-design map","| S0 Health | Mode selector, hydration card, activity history, food section | Replace posture/circadian/sweat/glycemic measurements with actual logs |","PENDING_RECONCILIATION",""
"Steady_Design_Document:25","Steady_Design_Document.md","25","## 2. Source-to-design map","| S1 interruption | Prominent return-to-study, intent choices, adjustable pause | No forced breath holding, hidden exit, false saved-time claim |","PENDING_RECONCILIATION",""
"Steady_Design_Document:26","Steady_Design_Document.md","26","## 2. Source-to-design map","| S2 Focus | Subject queue, prominent timer, scratchpad, audio controls | Remove heart rate, cognitive velocity, unverified neural effects |","PENDING_RECONCILIATION",""
"Steady_Design_Document:27","Steady_Design_Document.md","27","## 2. Source-to-design map","| S3 Today | Three rings, editable timeline, card hierarchy, quick water action | Real data sources; editable targets; no fixed Alex/chemistry examples |","PENDING_RECONCILIATION",""
"Steady_Design_Document:28","Steady_Design_Document.md","28","## 2. Source-to-design map","| S4 workout | Exercise sets, weight/reps, rest timer, mode cards | Manual set recording first; no pocket bench accuracy claim |","PENDING_RECONCILIATION",""
"Steady_Design_Document:29","Steady_Design_Document.md","29","## 2. Source-to-design map","| S5 Focus | Cleaner timer, compact controls, optional break cards | Keep generic comfortable pause cues; no treatment claims |","PENDING_RECONCILIATION",""
"Steady_Design_Document:30","Steady_Design_Document.md","30","## 2. Source-to-design map","| S6 Review | Habit grid, period tabs, separated summary cards, export | No percentiles, invented p-values or causal conclusions |","PENDING_RECONCILIATION",""
"Steady_Design_Document:31","Steady_Design_Document.md","31","## 2. Source-to-design map","| E Expo | Orbit logo, paper palette, routine anchors, low-pressure copy, Pocket Reset, export preview | Enlarge small metadata; preserve contrast in dim view; remove Safety export toggle |","PENDING_RECONCILIATION",""
"Steady_Design_Document:32","Steady_Design_Document.md","32","## 2. Source-to-design map","| N native | Task categories/priority, food editor/favorites, review fields, Safety categories, mode concepts | Repair false sensor labels, seed data, faux PIN, unwired routes and privacy claims |","PENDING_RECONCILIATION",""
"Steady_Design_Document:33","Steady_Design_Document.md","33","## 2. Source-to-design map","| A original | Minimum Day, Pause, accessible cues, independent Safety, lifetime history | Expand tab structure and optional fitness as explicitly requested |","PENDING_RECONCILIATION",""
"Steady_Design_Document:35","Steady_Design_Document.md","35","## 2. Source-to-design map","All seven Stitch DESIGN files are identical. Use their shared visual vocabulary once. Specific screen HTML sometimes differs from those tokens; the resolved tokens below take precedence.","PENDING_RECONCILIATION",""
"Steady_Design_Document:37","Steady_Design_Document.md","37","## 3. Navigation and screen architecture","## 3. Navigation and screen architecture","DOCUMENT_STRUCTURE","Source heading retained unchanged; no implementation acceptance implied."
"Steady_Design_Document:39","Steady_Design_Document.md","39","## 3. Navigation and screen architecture","Main tabs are **Today, Health, Focus, Review, Settings**. Each tab preserves scroll position and relevant filters. Use standard back behavior: close sheet/editor, return from a detail page, then leave the root; do not force every Back action to Today.","PENDING_RECONCILIATION",""
"Steady_Design_Document:41","Steady_Design_Document.md","41","## 3. Navigation and screen architecture","A labeled **Safety** action occupies a consistent top-bar position. Active focus/workout and dim views also expose it. It opens an independent route with public help first. A private-store failure, app lock, missing permission or active modal must not prevent reaching public help. Sheets place Safety in the visible header or close directly into a screen where it is reachable.","PENDING_RECONCILIATION",""
"Steady_Design_Document:43","Steady_Design_Document.md","43","## 3. Navigation and screen architecture","| Area | Primary surfaces | Secondary surfaces |","PENDING_RECONCILIATION",""
"Steady_Design_Document:44","Steady_Design_Document.md","44","## 3. Navigation and screen architecture","|---|---|---|","DOCUMENT_STRUCTURE","Table separator; no functional requirement."
"Steady_Design_Document:45","Steady_Design_Document.md","45","## 3. Navigation and screen architecture","| Today | Greeting, next action, rings, timeline, habits | Plan editor, habit editor, dashboard layout, capture, Minimum Day |","PENDING_RECONCILIATION",""
"Steady_Design_Document:46","Steady_Design_Document.md","46","## 3. Navigation and screen architecture","| Health | Movement, workouts, food/water/sleep cards | Mode picker, active workout, exercise editor, recipe detail, log editors |","PENDING_RECONCILIATION",""
"Steady_Design_Document:47","Steady_Design_Document.md","47","## 3. Navigation and screen architecture","| Focus | Session setup or active session, task queue | Subject/topic detail, scratchpad, dim view, Pocket Reset, distraction rules |","PENDING_RECONCILIATION",""
"Steady_Design_Document:48","Steady_Design_Document.md","48","## 3. Navigation and screen architecture","| Review | Week/month summary, habit matrix, reflection | Day detail, metric history, selected export preview |","PENDING_RECONCILIATION",""
"Steady_Design_Document:49","Steady_Design_Document.md","49","## 3. Navigation and screen architecture","| Settings | Appearance, accessibility, modules, permissions, privacy | Backup/restore, logical day, data management, optional integrations |","PENDING_RECONCILIATION",""
"Steady_Design_Document:50","Steady_Design_Document.md","50","## 3. Navigation and screen architecture","| Safety | Public country-specific help, private plan | Contact editor, note editor, optional grounding cue |","PENDING_RECONCILIATION",""
"Steady_Design_Document:52","Steady_Design_Document.md","52","## 3. Navigation and screen architecture","Learn, Build, Capture and later personal records live as focused detail areas under existing tabs rather than increasing the bottom bar. A parked idea can be captured from Today without creating a scheduled task.","PENDING_RECONCILIATION",""
"Steady_Design_Document:54","Steady_Design_Document.md","54","## 4. Visual foundations","## 4. Visual foundations","DOCUMENT_STRUCTURE","Source heading retained unchanged; no implementation acceptance implied."
"Steady_Design_Document:56","Steady_Design_Document.md","56","### 4.1 Color tokens","### 4.1 Color tokens","DOCUMENT_STRUCTURE","Source heading retained unchanged; no implementation acceptance implied."
"Steady_Design_Document:58","Steady_Design_Document.md","58","### 4.1 Color tokens","| Role | Kinetic light | Daybook light | Dark starting value |","PENDING_RECONCILIATION",""
"Steady_Design_Document:59","Steady_Design_Document.md","59","### 4.1 Color tokens","|---|---|---|---|","DOCUMENT_STRUCTURE","Table separator; no functional requirement."
"Steady_Design_Document:60","Steady_Design_Document.md","60","### 4.1 Color tokens","| Background | `#FAF8FF` | `#F4F0E6` | `#111A18` |","PENDING_RECONCILIATION",""
"Steady_Design_Document:61","Steady_Design_Document.md","61","### 4.1 Color tokens","| Card | `#FFFFFF` | `#FFFCF6` | `#1B2823` |","PENDING_RECONCILIATION",""
"Steady_Design_Document:62","Steady_Design_Document.md","62","### 4.1 Color tokens","| Primary text | `#131B2E` | `#233A33` | `#F2F5F3` |","PENDING_RECONCILIATION",""
"Steady_Design_Document:63","Steady_Design_Document.md","63","### 4.1 Color tokens","| Secondary text | `#475569` | `#465B52` | `#B9C9C0` |","PENDING_RECONCILIATION",""
"Steady_Design_Document:64","Steady_Design_Document.md","64","### 4.1 Color tokens","| Primary action | `#006C49` | `#25483D` | `#82DAB3` with dark text |","PENDING_RECONCILIATION",""
"Steady_Design_Document:65","Steady_Design_Document.md","65","### 4.1 Color tokens","| Habit / movement accent | `#10B981` | `#91A68A` | `#4EDEA3` |","PENDING_RECONCILIATION",""
"Steady_Design_Document:66","Steady_Design_Document.md","66","### 4.1 Color tokens","| Focus accent | `#6366F1` | `#5967A1` | `#C0C1FF` |","PENDING_RECONCILIATION",""
"Steady_Design_Document:67","Steady_Design_Document.md","67","### 4.1 Color tokens","| Estimated calories accent | `#F59E0B` | `#D9784A` | `#FFB95F` |","PENDING_RECONCILIATION",""
"Steady_Design_Document:68","Steady_Design_Document.md","68","### 4.1 Color tokens","| Water accent | `#06B6D4` | `#4F8A91` | `#67D8E8` |","PENDING_RECONCILIATION",""
"Steady_Design_Document:69","Steady_Design_Document.md","69","### 4.1 Color tokens","| Error text | `#9B1C1C` | `#9B1C1C` | `#FFB4AB` |","PENDING_RECONCILIATION",""
"Steady_Design_Document:71","Steady_Design_Document.md","71","### 4.1 Color tokens","Accent colors are for rings, indicators and surfaces; they are not automatically safe foreground text. Use darker semantic text on pale fills. The prototype's bright emerald gradient with white text must be contrast-tested or changed. High-contrast mode removes translucent surfaces, glow and gradient text, strengthens boundaries and uses tested text/background pairs.","PENDING_RECONCILIATION",""
"Steady_Design_Document:73","Steady_Design_Document.md","73","### 4.1 Color tokens","Essential text target: 7:1 contrast; all normal text at least 4.5:1, large text at least 3:1; essential non-text controls and chart distinctions at least 3:1. These are product acceptance thresholds, not a declaration that every proposed token pairing passes. Document the actual rendered combinations.","PENDING_RECONCILIATION",""
"Steady_Design_Document:75","Steady_Design_Document.md","75","### 4.2 Typography, geometry and motion","### 4.2 Typography, geometry and motion","DOCUMENT_STRUCTURE","Source heading retained unchanged; no implementation acceptance implied."
"Steady_Design_Document:77","Steady_Design_Document.md","77","### 4.2 Typography, geometry and motion","Bundle Plus Jakarta Sans if the asset licence is verified; otherwise use the platform sans-serif. Optional JetBrains Mono is limited to large timer/numeric readouts, never a requirement for readability. Daybook may use a local/platform serif for large headings only.","PENDING_RECONCILIATION",""
"Steady_Design_Document:79","Steady_Design_Document.md","79","### 4.2 Typography, geometry and motion","| Element | Default size / line height | Rules |","PENDING_RECONCILIATION",""
"Steady_Design_Document:80","Steady_Design_Document.md","80","### 4.2 Typography, geometry and motion","|---|---|---|","DOCUMENT_STRUCTURE","Table separator; no functional requirement."
"Steady_Design_Document:81","Steady_Design_Document.md","81","### 4.2 Typography, geometry and motion","| Timer | 48–64 sp / fit line | Tabular digits; scales/reflows without clipping |","PENDING_RECONCILIATION",""
"Steady_Design_Document:82","Steady_Design_Document.md","82","### 4.2 Typography, geometry and motion","| Screen title | 28–32 sp / 36–40 sp | Sentence case; no hardcoded single-line limit |","PENDING_RECONCILIATION",""
"Steady_Design_Document:83","Steady_Design_Document.md","83","### 4.2 Typography, geometry and motion","| Section title | 20–22 sp / 28 sp | Clear relationship to following content |","PENDING_RECONCILIATION",""
"Steady_Design_Document:84","Steady_Design_Document.md","84","### 4.2 Typography, geometry and motion","| Body/control label | 16–18 sp / 24–28 sp | One primary action per local group |","PENDING_RECONCILIATION",""
"Steady_Design_Document:85","Steady_Design_Document.md","85","### 4.2 Typography, geometry and motion","| Metadata | 14 sp / 20 sp | Never reduce essential information to 9–11 px |","PENDING_RECONCILIATION",""
"Steady_Design_Document:87","Steady_Design_Document.md","87","### 4.2 Typography, geometry and motion","Spacing scale: 4, 8, 12, 16, 24, 32, 40 dp. Page gutter 20 dp on normal phones, 16 dp on narrow widths. Standard card radius 20 dp, hero radius 24 dp, field radius 12–16 dp. Interactive target minimum 56 × 56 dp, including icon buttons and navigation items. A drawn checkbox can be smaller inside this hit area.","PENDING_RECONCILIATION",""
"Steady_Design_Document:89","Steady_Design_Document.md","89","### 4.2 Typography, geometry and motion","Use 160–240 ms fades or small position/scale changes for completion and expansion; avoid perpetual pulsing. Reduced motion renders immediate changes or simple opacity. Haptics are optional and off when system/user preference requires. Never use flashing to force attention.","PENDING_RECONCILIATION",""
"Steady_Design_Document:91","Steady_Design_Document.md","91","### 4.2 Typography, geometry and motion","Keep shadows modest and use mostly opaque cards; expensive full-screen blur is not required to reproduce the visual intent. Decorative glows must not reduce contrast or obscure hit boundaries.","PENDING_RECONCILIATION",""
"Steady_Design_Document:93","Steady_Design_Document.md","93","## 5. Onboarding","## 5. Onboarding","DOCUMENT_STRUCTURE","Source heading retained unchanged; no implementation acceptance implied."
"Steady_Design_Document:95","Steady_Design_Document.md","95","## 5. Onboarding","1. Welcome with optional name. Explain that core records are stored on the device and exported only by explicit action.","PENDING_RECONCILIATION",""
"Steady_Design_Document:96","Steady_Design_Document.md","96","## 5. Onboarding","2. Select desired areas: daily plan, study/build focus, habits, movement, food/water/sleep. All can be changed later.","PENDING_RECONCILIATION",""
"Steady_Design_Document:97","Steady_Design_Document.md","97","## 5. Onboarding","3. Choose appearance, comfortable text scale and motion preference. Preview actual controls.","PENDING_RECONCILIATION",""
"Steady_Design_Document:98","Steady_Design_Document.md","98","## 5. Onboarding","4. Confirm timezone/day boundary and country for public help. Suggest India for this personal setup, but show an explicit editable selection. No invented contacts or health facts.","PENDING_RECONCILIATION",""
"Steady_Design_Document:99","Steady_Design_Document.md","99","## 5. Onboarding","5. Offer a small example routine as an editable template. Choosing it creates pending tasks only, never completed history.","PENDING_RECONCILIATION",""
"Steady_Design_Document:100","Steady_Design_Document.md","100","## 5. Onboarding","6. Enter Today. Request sensor/location/notification/usage permissions only when the relevant feature is used.","PENDING_RECONCILIATION",""
"Steady_Design_Document:102","Steady_Design_Document.md","102","## 5. Onboarding","Body weight, calories and workout targets are optional. No need to enter relationship, religion, income, diagnosis or private family information. No mandatory account, email, API key or wearable pairing.","PENDING_RECONCILIATION",""
"Steady_Design_Document:104","Steady_Design_Document.md","104","## 6. Today specification","## 6. Today specification","DOCUMENT_STRUCTURE","Source heading retained unchanged; no implementation acceptance implied."
"Steady_Design_Document:106","Steady_Design_Document.md","106","## 6. Today specification","Default order: greeting/date → next action → three rings → timeline → routine/habit cards → optional check-in → food idea. Safety stays in the top bar. A persistent add control opens a short menu for Task, Habit, Capture or Log; it never hides navigation.","PENDING_RECONCILIATION",""
"Steady_Design_Document:108","Steady_Design_Document.md","108","### Rings and chart","### Rings and chart","DOCUMENT_STRUCTURE","Source heading retained unchanged; no implementation acceptance implied."
"Steady_Design_Document:110","Steady_Design_Document.md","110","### Rings and chart","Defaults: steps, focus minutes and scheduled habits completed. Tap a ring to open its detail history. Long-press or use the visible Edit dashboard control to choose another supported metric. Calories require the optional estimate feature. Each legend shows value, goal if configured, unit, source and last update when freshness matters.","PENDING_RECONCILIATION",""
"Steady_Design_Document:112","Steady_Design_Document.md","112","### Rings and chart","If steps are unavailable, show “Steps unavailable — set up tracking,” not 0 with a completed-looking ring. No goal means a neutral ring and absolute value. Values above a goal remain visible; the ring caps at one revolution with text such as “45 / 30 min.” There is no obligation to raise the goal.","PENDING_RECONCILIATION",""
"Steady_Design_Document:114","Steady_Design_Document.md","114","### Rings and chart","The timeline plots scheduled items and actual logged segments on a labeled time axis. Energy ratings, when present, are shown as separate self-reported points; do not interpolate a physiological forecast. Overlapping items stack or group with an explicit count. Tap, accessible list actions and keyboard navigation all reach the same editor.","PENDING_RECONCILIATION",""
"Steady_Design_Document:116","Steady_Design_Document.md","116","### Tasks and habits","### Tasks and habits","DOCUMENT_STRUCTURE","Source heading retained unchanged; no implementation acceptance implied."
"Steady_Design_Document:118","Steady_Design_Document.md","118","### Tasks and habits","A task row includes title, optional category, planned time and duration, completion state and overflow actions. Actions: complete/undo, edit, reschedule, start focus and archive/delete. Notes are secondary. Deleting shows an Undo snackbar; deleting a definition that has history archives it.","PENDING_RECONCILIATION",""
"Steady_Design_Document:120","Steady_Design_Document.md","120","### Tasks and habits","Habit types: checkbox, count, quantity and duration. Schedule: daily, selected weekdays or a chosen interval. The editor captures a name, type, unit, target, schedule and optional reminder. Do not require a motivational quote or streak goal. Quantity entry supports correction and undo. Water uses integer milliliters internally and user-selected display units.","PENDING_RECONCILIATION",""
"Steady_Design_Document:122","Steady_Design_Document.md","122","### Tasks and habits","Routine anchors group actions around “After waking,” “After college” and “Before sleep,” copied as editable ideas from the earlier plan. Checking an occurrence affects that day only. Renaming a habit today does not rewrite old labels in Review.","PENDING_RECONCILIATION",""
"Steady_Design_Document:124","Steady_Design_Document.md","124","### Minimum Day and Pause","### Minimum Day and Pause","DOCUMENT_STRUCTURE","Source heading retained unchanged; no implementation acceptance implied."
"Steady_Design_Document:126","Steady_Design_Document.md","126","### Minimum Day and Pause","Minimum Day offers a small study step, a small build step and optional comfortable movement/rest. The earlier 10/10/5-minute suggestion is editable guidance, not a prescription or pass/fail threshold. Hide nonessential cards while keeping access through a collapsed section.","PENDING_RECONCILIATION",""
"Steady_Design_Document:128","Steady_Design_Document.md","128","### Minimum Day and Pause","Pause stops routine reminders and creates no catch-up debt. Resuming asks for the next manageable action without replaying missed reminders. These modes remain active after relaunch and are visible in the header.","PENDING_RECONCILIATION",""
"Steady_Design_Document:130","Steady_Design_Document.md","130","## 7. Health specification","## 7. Health specification","DOCUMENT_STRUCTURE","Source heading retained unchanged; no implementation acceptance implied."
"Steady_Design_Document:132","Steady_Design_Document.md","132","## 7. Health specification","Health has an overview and optional sections for Movement, Workouts, Food, Water and Sleep. A user can hide any section. There is no default composite health score.","PENDING_RECONCILIATION",""
"Steady_Design_Document:134","Steady_Design_Document.md","134","### Movement and workouts","### Movement and workouts","DOCUMENT_STRUCTURE","Source heading retained unchanged; no implementation acceptance implied."
"Steady_Design_Document:136","Steady_Design_Document.md","136","### Movement and workouts","Mode picker: Walk, Run, Cycle, Strength, Intervals, Mobility, Custom. Each card explains what will be recorded and whether permission is needed. Start flow shows mode, optional target, data source and Start. Location denied still permits a duration-only workout, visibly labeled.","PENDING_RECONCILIATION",""
"Steady_Design_Document:138","Steady_Design_Document.md","138","### Movement and workouts","Active outdoor screen: elapsed active time, distance, pace and pause/finish controls. Source status appears as “GPS recording,” “Location weak,” or “Duration only.” Route detail uses genuine recorded points; missing segments are visibly broken. Hide precise location on lock-screen notification text.","PENDING_RECONCILIATION",""
"Steady_Design_Document:140","Steady_Design_Document.md","140","### Movement and workouts","Strength screen follows S4: routine name, exercise cards, set rows, weight/reps, completion check and rest timer. Editable rows support bodyweight and custom exercises. Save sets as entered. Add/remove/reorder exercises without losing finished sets. Exercise library content needs verified reuse rights before shipping; OpenGym is currently a reference request, not imported code.","PENDING_RECONCILIATION",""
"Steady_Design_Document:142","Steady_Design_Document.md","142","### Movement and workouts","Intervals allow work seconds, rest seconds, rounds and warm-up/cool-down if chosen. A clear current phase and optional sound/haptic cues make them usable with the screen off once tested. Mobility is a checklist/timer with user-defined movements, not camera or spinal analysis.","PENDING_RECONCILIATION",""
"Steady_Design_Document:144","Steady_Design_Document.md","144","### Movement and workouts","Finish shows actual duration, recorded sets/route, optional effort and any calorie estimate with assumptions. Save, discard and resume are explicit. Do not fabricate a minimum one-minute workout or ten calories. Editing/deleting a session updates Today and Review.","PENDING_RECONCILIATION",""
"Steady_Design_Document:146","Steady_Design_Document.md","146","### Food, water and sleep","### Food, water and sleep","DOCUMENT_STRUCTURE","Source heading retained unchanged; no implementation acceptance implied."
"Steady_Design_Document:148","Steady_Design_Document.md","148","### Food, water and sleep","Food cards show name, photo if bundled, preparation time, ingredients, rough budget tag and favorite control. Detail adds steps, substitutions and user-entered avoid-food tags. Indian staples and low-preparation options should be included alongside imported recipe inspiration: rice/dal/vegetables, curd with fruit, eggs or beans/toast, and leftovers are examples, not a therapeutic plan.","PENDING_RECONCILIATION",""
"Steady_Design_Document:150","Steady_Design_Document.md","150","### Food, water and sleep","Rename “Brain Fuel” to “Food ideas.” Replace claims that foods prevent brain fog, guarantee no glucose spike or sharpen recall with concrete descriptions of ingredients and preparation. No automatic vitamins, supplement doses or electrolyte calculation. A care reminder merely repeats instructions entered by the user.","PENDING_RECONCILIATION",""
"Steady_Design_Document:152","Steady_Design_Document.md","152","### Food, water and sleep","Water offers configurable quick quantities, undo and history. Avoid enforcing the prototype's universal 3 L target or 5 L logging cap; permit correction and a clear confirmation for an unusually large entry. Goals are optional preferences. Sleep is entered by the user with start/end and optional restfulness. Overnight intervals handle date changes.","PENDING_RECONCILIATION",""
"Steady_Design_Document:154","Steady_Design_Document.md","154","## 8. Focus and Pocket Reset","## 8. Focus and Pocket Reset","DOCUMENT_STRUCTURE","Source heading retained unchanged; no implementation acceptance implied."
"Steady_Design_Document:156","Steady_Design_Document.md","156","## 8. Focus and Pocket Reset","Focus setup has a chosen subject/task, preset or custom duration, optional break duration, and optional distraction settings. Presets: 15/3, 25/5, 50/10, 90/20 plus custom/open-ended; presets are selectable tools, not a recommended medical schedule. Study and Build are session categories with the same timer engine.","PENDING_RECONCILIATION",""
"Steady_Design_Document:158","Steady_Design_Document.md","158","## 8. Focus and Pocket Reset","During a session, the timer dominates. Primary action is Pause/Resume; Stop remains visible. Show current task, a compact queue, and scratchpad below. Audio controls are collapsed until enabled. Avoid displaying medical-looking indicators around the timer.","PENDING_RECONCILIATION",""
"Steady_Design_Document:160","Steady_Design_Document.md","160","## 8. Focus and Pocket Reset","Stop early shows actual completed time and choices “Save partial session,” “Resume,” or “Discard.” Skip to break does not report a full study block. After completion, offer a break and one optional outcome note; never auto-fill a five-star rating. A completed notification must not create a second session if the app is also open.","PENDING_RECONCILIATION",""
"Steady_Design_Document:162","Steady_Design_Document.md","162","## 8. Focus and Pocket Reset","Dim view uses a near-black background with readable timer/controls, optional screen-brightness reduction limited to the app window, and visible Exit/Stop/Safety. Restore previous brightness on exit. Never require touching invisible targets. TalkBack does not announce every second; announce meaningful phase changes and user-requested remaining time.","PENDING_RECONCILIATION",""
"Steady_Design_Document:164","Steady_Design_Document.md","164","## 8. Focus and Pocket Reset","Pocket Reset adapts E's three steps: **Pause → Breathe comfortably → Choose one next step**. It is available from Today, Focus and Safety. The user can skip or close any step. No forced breath retention, physical challenge or treatment claim. Optional generic stretch/eye-rest cues can be disabled; they do not override the user's care instructions.","PENDING_RECONCILIATION",""
"Steady_Design_Document:166","Steady_Design_Document.md","166","## 8. Focus and Pocket Reset","Scratchpad supports plain text and a restrained Markdown subset. Autosave with clear Saved/Saving/Retry status; navigate away without losing text. Formula entry stays text unless a well-tested renderer is added. Export is a deliberate action; no fake “Synced to Obsidian” label.","PENDING_RECONCILIATION",""
"Steady_Design_Document:168","Steady_Design_Document.md","168","## 9. Distraction pause","## 9. Distraction pause","DOCUMENT_STRUCTURE","Source heading retained unchanged; no implementation acceptance implied."
"Steady_Design_Document:170","Steady_Design_Document.md","170","## 9. Distraction pause","S1 informs the layout: selected app name, simple pause indicator, optional intent choices, Return to focus, Continue temporarily and Disable protection. Do not force the user to disclose why they need an app. Essential apps are exempt.","PENDING_RECONCILIATION",""
"Steady_Design_Document:172","Steady_Design_Document.md","172","## 9. Distraction pause","Pause durations may be 3, 5, 10 or 15 seconds, editable. Copy: “Pause for a moment. What would you like to do?” Breathing is optional. Temporary access shows the remaining allowance only where the implementation can actually enforce it; otherwise it is a reminder, labeled accordingly.","PENDING_RECONCILIATION",""
"Steady_Design_Document:174","Steady_Design_Document.md","174","## 9. Distraction pause","State distinctions: voluntary practice; usage access enabled; interception active; permission missing; service stopped; unsupported device. Only show an Active badge when the supporting service reports that state. Practicing the screen must not count as an app being blocked. Insights count observed attempts, returns and bypasses; “time saved” is absent unless a defensible explicit estimate is later designed.","PENDING_RECONCILIATION",""
"Steady_Design_Document:176","Steady_Design_Document.md","176","## 10. Review and reflection","## 10. Review and reflection","DOCUMENT_STRUCTURE","Source heading retained unchanged; no implementation acceptance implied."
"Steady_Design_Document:178","Steady_Design_Document.md","178","## 10. Review and reflection","Week/month selection includes previous/next, calendar picker and Today. Cards show focus duration by subject, habit completion matrix, workouts and optional water/sleep history. Each card opens underlying records and can be hidden.","PENDING_RECONCILIATION",""
"Steady_Design_Document:180","Steady_Design_Document.md","180","## 10. Review and reflection","Habit cells distinguish completed, partial, skipped, not scheduled and missing, using shape/icon plus text as well as color. Provide a linear list alternative for TalkBack and large text. Tap a date to inspect/correct records. Charts expose actual units and ranges and never compare with a fabricated population percentile.","PENDING_RECONCILIATION",""
"Steady_Design_Document:182","Steady_Design_Document.md","182","## 10. Review and reflection","Reflection uses optional fields: What helped? What was too demanding? What evidence changed? What is one adjustment? Retain the native prototype's highlight, obstacle and tomorrow-priority ideas as optional prompts, not a second compulsory form. Computed history updates must preserve written reflections.","PENDING_RECONCILIATION",""
"Steady_Design_Document:184","Steady_Design_Document.md","184","## 10. Review and reflection","Examples: “You logged three focus sessions on two days.” “No sleep entries for this period.” Avoid “Your cognition improved 22%,” “optimal equilibrium” and “clinical diagnosis.” The archived Expo `weeklyReflection` offers useful tone but should not substitute for the new historical data model.","PENDING_RECONCILIATION",""
"Steady_Design_Document:186","Steady_Design_Document.md","186","## 11. Safety, settings and portable files","## 11. Safety, settings and portable files","DOCUMENT_STRUCTURE","Source heading retained unchanged; no implementation acceptance implied."
"Steady_Design_Document:188","Steady_Design_Document.md","188","## 11. Safety, settings and portable files","Safety first renders selected-country public help from bundled data, with country and last content-review date. Labels accurately identify service and region; no unverified universal directory. Tapping Dial opens the system dialer. Optional SMS opens the composer with a preview; Steady never silently sends a message. Personal trusted contacts are clearly distinguished from public numbers.","PENDING_RECONCILIATION",""
"Steady_Design_Document:190","Steady_Design_Document.md","190","## 11. Safety, settings and portable files","Private sections: warning signs, coping steps, care contact, environment notes and user-entered medical details if desired. All begin empty. The native archive's seeded allergy and blood-type card must not ship as a user record. Show private-store errors separately while public help remains usable.","PENDING_RECONCILIATION",""
"Steady_Design_Document:192","Steady_Design_Document.md","192","## 11. Safety, settings and portable files","Settings groups: Appearance; Accessibility; Modules and dashboard; Time and reminders; Tracking permissions; Privacy and lock; Export and recovery; About and diagnostics. Permission pages explain each feature and permit disabling it without disabling the planner. Optional app locking uses real platform authentication.","PENDING_RECONCILIATION",""
"Steady_Design_Document:194","Steady_Design_Document.md","194","## 11. Safety, settings and portable files","Export flow: choose date range/categories → preview → explain readable Markdown → choose destination → confirm result. Safety is excluded by product contract, with no inclusion switch inherited from E. Backup flow adds a passphrase and explains its recovery role. Restore previews eligible data before replacement and explicitly preserves destination Safety. Deletion explains that external exports and already-shared files cannot be erased by deleting local app data.","PENDING_RECONCILIATION",""
"Steady_Design_Document:196","Steady_Design_Document.md","196","## 12. Interaction and state contract","## 12. Interaction and state contract","DOCUMENT_STRUCTURE","Source heading retained unchanged; no implementation acceptance implied."
"Steady_Design_Document:198","Steady_Design_Document.md","198","## 12. Interaction and state contract","| Component | Interaction | Essential alternate states |","PENDING_RECONCILIATION",""
"Steady_Design_Document:199","Steady_Design_Document.md","199","## 12. Interaction and state contract","|---|---|---|","DOCUMENT_STRUCTURE","Table separator; no functional requirement."
"Steady_Design_Document:200","Steady_Design_Document.md","200","## 12. Interaction and state contract","| Progress ring | Tap detail; accessible numeric summary | No target, unavailable, stale, over target |","PENDING_RECONCILIATION",""
"Steady_Design_Document:201","Steady_Design_Document.md","201","## 12. Interaction and state contract","| Habit card | Check/log/undo; edit from overflow | Pending, partial, done, skipped, not due, save failed |","PENDING_RECONCILIATION",""
"Steady_Design_Document:202","Steady_Design_Document.md","202","## 12. Interaction and state contract","| Timeline item | Open/edit/start; move via controls | Conflict, past, unscheduled, paused day |","PENDING_RECONCILIATION",""
"Steady_Design_Document:203","Steady_Design_Document.md","203","## 12. Interaction and state contract","| Timer | Start/pause/resume/stop | Recovered, late cue, notifications denied, interrupted |","PENDING_RECONCILIATION",""
"Steady_Design_Document:204","Steady_Design_Document.md","204","## 12. Interaction and state contract","| Workout row | Log/edit set; rest timer | Invalid units, unsaved input, partial session |","PENDING_RECONCILIATION",""
"Steady_Design_Document:205","Steady_Design_Document.md","205","## 12. Interaction and state contract","| Safety action | Open public shell directly | App locked, DB failure, offline, no dialer |","PENDING_RECONCILIATION",""
"Steady_Design_Document:206","Steady_Design_Document.md","206","## 12. Interaction and state contract","| Save notice | Confirm durability | Pending, failed, retry; never false success |","PENDING_RECONCILIATION",""
"Steady_Design_Document:207","Steady_Design_Document.md","207","## 12. Interaction and state contract","| Export | Preview and destination selection | Cancel, provider revoked, disk full, write failed |","PENDING_RECONCILIATION",""
"Steady_Design_Document:208","Steady_Design_Document.md","208","## 12. Interaction and state contract","| Restore | Preview counts then confirm | Wrong password, corrupt, unsupported, oversized |","PENDING_RECONCILIATION",""
"Steady_Design_Document:209","Steady_Design_Document.md","209","## 12. Interaction and state contract","| AI proposal, later | Preview/edit/select/apply | Offline, canceled, malformed, rate limited, untrusted source |","PENDING_RECONCILIATION",""
"Steady_Design_Document:211","Steady_Design_Document.md","211","## 12. Interaction and state contract","Errors appear adjacent to the relevant action with a next step. Loading placeholders never display fake numbers. Disabled actions explain why. Undo is available for ordinary logging changes; destructive restore/delete uses clear confirmation. Haptic feedback is supplemental, not the sole confirmation.","PENDING_RECONCILIATION",""
"Steady_Design_Document:213","Steady_Design_Document.md","213","## 13. Responsive and accessibility acceptance","## 13. Responsive and accessibility acceptance","DOCUMENT_STRUCTURE","Source heading retained unchanged; no implementation acceptance implied."
"Steady_Design_Document:215","Steady_Design_Document.md","215","## 13. Responsive and accessibility acceptance","Phone portrait is primary, but rotation is supported. At narrow width or large font, cards collapse to one column, chip rows wrap, numeric legends become vertical and fixed-height containers grow. At 600 dp+ use a rail/two-pane layout where it improves reading; no web-style twelve-column dashboard on a small phone.","PENDING_RECONCILIATION",""
"Steady_Design_Document:217","Steady_Design_Document.md","217","## 13. Responsive and accessibility acceptance","Test TalkBack traversal order, control names, chart descriptions, focus return after sheets, switch states, keyboard operation, 200% text and the device's largest supported text/display settings. Every drag action has Move up/Move down controls. No critical action requires long press, swipe, color discrimination or timed touch.","PENDING_RECONCILIATION",""
"Steady_Design_Document:219","Steady_Design_Document.md","219","## 13. Responsive and accessibility acceptance","Essential controls remain visible above the keyboard and system gesture area. Focus ring states and hardware keyboard navigation are explicit. Language strings use resources; English ships first, architecture supports Kannada later without clipping assumptions. Decimal separators, dates and time formats respect locale while stored values use stable formats.","PENDING_RECONCILIATION",""
"Steady_Design_Document:221","Steady_Design_Document.md","221","## 14. Design handoff and review checklist","## 14. Design handoff and review checklist","DOCUMENT_STRUCTURE","Source heading retained unchanged; no implementation acceptance implied."
"Steady_Design_Document:223","Steady_Design_Document.md","223","## 14. Design handoff and review checklist","Deliver component previews for light/dark/high contrast and both palettes; normal/large text; realistic empty, populated, unavailable and failure states. Demo data is confined to previews or a separately marked Demo mode with no path into the real database or exports.","PENDING_RECONCILIATION",""
"Steady_Design_Document:225","Steady_Design_Document.md","225","## 14. Design handoff and review checklist","Required screen reviews: first run, Today normal/minimum/paused, habit editor, timeline detail, Health empty/permission/active, strength sets, Focus setup/running/paused/partial/completed, dim view, Pocket Reset, voluntary interruption, Review sparse/full, Safety locked/error, Settings, Markdown preview, backup and restore failure.","PENDING_RECONCILIATION",""
"Steady_Design_Document:227","Steady_Design_Document.md","227","## 14. Design handoff and review checklist","Acceptance requires visual comparison with S3/S4/S2/S5/S6 for structure and with E for tone—not pixel copying at the expense of legibility. Review the final UI on the Xiaomi 14 and a narrow emulator. Measure actual contrast, tap targets, text clipping and scrolling before calling accessibility verified. No screenshot alone proves sensor activity, encryption, reliable alarms or app blocking.","PENDING_RECONCILIATION",""
"Steady_Tech_Stack:1","Steady_Tech_Stack.md","1","# Steady — Technical Stack and Architecture","# Steady — Technical Stack and Architecture","DOCUMENT_STRUCTURE","Source heading retained unchanged; no implementation acceptance implied."
"Steady_Tech_Stack:3","Steady_Tech_Stack.md","3","# Steady — Technical Stack and Architecture","**Specification:** 2.0 · **Date:** 6 October 2026 · **Status:** implementation target, not a build certification.","PENDING_RECONCILIATION",""
"Steady_Tech_Stack:5","Steady_Tech_Stack.md","5","# Steady — Technical Stack and Architecture","Companions: `Steady_Design_Document.md` defines interaction and appearance; `Steady_PRD.md` defines scope, priorities and acceptance requirements. The bundle includes `Source_Inventory.csv`, accounting for every non-directory entry in the nine uploaded ZIPs. Source inspection was static: no APK, build, runtime behavior or dependency combination was verified for this documentation task.","PENDING_RECONCILIATION",""
"Steady_Tech_Stack:7","Steady_Tech_Stack.md","7","## 1. Technical decision","## 1. Technical decision","DOCUMENT_STRUCTURE","Source heading retained unchanged; no implementation acceptance implied."
"Steady_Tech_Stack:9","Steady_Tech_Stack.md","9","## 1. Technical decision","Build one native Android application using Kotlin, Jetpack Compose, Room with SQLCipher, Android Keystore, coroutines and lifecycle-aware ViewModels. Extend the established native Steady project after reconciling it with the current repository. Use the Expo project as a behavior and visual reference, and translate the Stitch exports into native components.","PENDING_RECONCILIATION",""
"Steady_Tech_Stack:11","Steady_Tech_Stack.md","11","## 1. Technical decision","The uploaded native project is an AI Studio variant under `com.example`, with application ID `com.aistudio.steady.stdyapp`. It is not proven to be the same project or commit as the earlier GitHub implementation. Do not overwrite the repository with either ZIP. Compare package IDs, signing identity, schema, current changes and release history first. Retain the installed application's identity if it is already in use; changing identity creates a separate app and does not migrate its data.","PENDING_RECONCILIATION",""
"Steady_Tech_Stack:13","Steady_Tech_Stack.md","13","## 1. Technical decision","This decision fits the Android-only objective and the platform work required for alarms, sensors, location, protected storage and optional distraction controls. React Native remains a viable technology in general; maintaining two production clients would add unnecessary work here. Do not combine npm packages with Gradle dependencies as though they were a single runtime.","PENDING_RECONCILIATION",""
"Steady_Tech_Stack:15","Steady_Tech_Stack.md","15","## 2. Source register and authority","## 2. Source register and authority","DOCUMENT_STRUCTURE","Source heading retained unchanged; no implementation acceptance implied."
"Steady_Tech_Stack:17","Steady_Tech_Stack.md","17","## 2. Source register and authority","| ID | Material | Role |","PENDING_RECONCILIATION",""
"Steady_Tech_Stack:18","Steady_Tech_Stack.md","18","## 2. Source register and authority","|---|---|---|","DOCUMENT_STRUCTURE","Table separator; no functional requirement."
"Steady_Tech_Stack:19","Steady_Tech_Stack.md","19","## 2. Source register and authority","| A | `Steady_Merged_Android_Architecture.md` | Existing privacy, time, recovery, accessibility and lifetime-use contracts |","PENDING_RECONCILIATION",""
"Steady_Tech_Stack:20","Steady_Tech_Stack.md","20","## 2. Source register and authority","| B | `android_blueprint_master_prompt.md` | Earlier architecture input; use only where consistent with A and the updated scope |","PENDING_RECONCILIATION",""
"Steady_Tech_Stack:21","Steady_Tech_Stack.md","21","## 2. Source register and authority","| E | `Steady-Android-App.zip`, `Steady/` | Expo implementation; routine anchors, Pocket Reset, daybook, review, file workflows, original orbit mark |","PENDING_RECONCILIATION",""
"Steady_Tech_Stack:22","Steady_Tech_Stack.md","22","## 2. Source register and authority","| N | `steady.zip` | Kotlin implementation; domain entities, Compose screens, recipe editing, workout mode concepts, AI proposal flows |","PENDING_RECONCILIATION",""
"Steady_Tech_Stack:23","Steady_Tech_Stack.md","23","## 2. Source register and authority","| S0 | Unnumbered Stitch ZIP | Health concept |","PENDING_RECONCILIATION",""
"Steady_Tech_Stack:24","Steady_Tech_Stack.md","24","## 2. Source register and authority","| S1 | Stitch `(1).zip` | Interruption screen |","PENDING_RECONCILIATION",""
"Steady_Tech_Stack:25","Steady_Tech_Stack.md","25","## 2. Source register and authority","| S2 | Stitch `(2).zip` | Detailed study screen |","PENDING_RECONCILIATION",""
"Steady_Tech_Stack:26","Steady_Tech_Stack.md","26","## 2. Source register and authority","| S3 | Stitch `(3).zip` | Today dashboard |","PENDING_RECONCILIATION",""
"Steady_Tech_Stack:27","Steady_Tech_Stack.md","27","## 2. Source register and authority","| S4 | Stitch `(4).zip` | Strength/workout screen |","PENDING_RECONCILIATION",""
"Steady_Tech_Stack:28","Steady_Tech_Stack.md","28","## 2. Source register and authority","| S5 | Stitch `(5).zip` | Compact focus screen |","PENDING_RECONCILIATION",""
"Steady_Tech_Stack:29","Steady_Tech_Stack.md","29","## 2. Source register and authority","| S6 | Stitch `(6).zip` | Review screen |","PENDING_RECONCILIATION",""
"Steady_Tech_Stack:30","Steady_Tech_Stack.md","30","## 2. Source register and authority","| U2 / U3 | `Pasted text(2).txt` / `Pasted text(3).txt` | Expansion request and accepted refinement supplied again by the user |","PENDING_RECONCILIATION",""
"Steady_Tech_Stack:31","Steady_Tech_Stack.md","31","## 2. Source register and authority","| C | Conversation | Lifetime daily use, personal Android focus, visual quality, phone-only fitness, no buddy component |","PENDING_RECONCILIATION",""
"Steady_Tech_Stack:33","Steady_Tech_Stack.md","33","## 2. Source register and authority","All seven Stitch `DESIGN.md` files have identical content hashes. They are one shared design system with seven screen exports, not seven independent systems. HTML, scripts, fonts and images are reference material; external resources referenced by HTML are not necessarily included or licensed in the ZIP.","PENDING_RECONCILIATION",""
"Steady_Tech_Stack:35","Steady_Tech_Stack.md","35","## 2. Source register and authority","Resolve conflicts in this order: explicit current user requirements; this reconciled specification; retained architecture contracts; prototype behavior; template boilerplate. New Health and Focus scope intentionally extends the old five-screen release. A prototype's privacy claim or checked TODO does not override its source or count as test evidence.","PENDING_RECONCILIATION",""
"Steady_Tech_Stack:37","Steady_Tech_Stack.md","37","## 3. Observed implementation gaps","## 3. Observed implementation gaps","DOCUMENT_STRUCTURE","Source heading retained unchanged; no implementation acceptance implied."
"Steady_Tech_Stack:39","Steady_Tech_Stack.md","39","## 3. Observed implementation gaps","These findings identify what must be reconciled, not a claim that either supplied app was run.","PENDING_RECONCILIATION",""
"Steady_Tech_Stack:41","Steady_Tech_Stack.md","41","## 3. Observed implementation gaps","| Finding | Source evidence | Required disposition |","PENDING_RECONCILIATION",""
"Steady_Tech_Stack:42","Steady_Tech_Stack.md","42","## 3. Observed implementation gaps","|---|---|---|","DOCUMENT_STRUCTURE","Table separator; no functional requirement."
"Steady_Tech_Stack:43","Steady_Tech_Stack.md","43","## 3. Observed implementation gaps","| Two different runtimes | E `package.json`; N Gradle files | Native target; port ideas selectively |","PENDING_RECONCILIATION",""
"Steady_Tech_Stack:44","Steady_Tech_Stack.md","44","## 3. Observed implementation gaps","| Plaintext native database | N `data/local/AppDatabase.kt`: ordinary Room builder, no SQLCipher factory | Encrypt personal storage; test key failures |","PENDING_RECONCILIATION",""
"Steady_Tech_Stack:45","Steady_Tech_Stack.md","45","## 3. Observed implementation gaps","| Destructive migration | Same file calls `fallbackToDestructiveMigration(true)` and disables schema export | Explicit migrations and versioned exported schemas |","PENDING_RECONCILIATION",""
"Steady_Tech_Stack:46","Steady_Tech_Stack.md","46","## 3. Observed implementation gaps","| Invented initial personal records | Same file seeds medical/allergy details, completed activity, water and workouts | Remove from production; isolated labeled demo only |","PENDING_RECONCILIATION",""
"Steady_Tech_Stack:47","Steady_Tech_Stack.md","47","## 3. Observed implementation gaps","| Invented defaults repeat beyond seed | N `Entities.kt`, `KineticDailyTelemetry` has nonzero defaults | Defaults must be zero or unknown with source metadata |","PENDING_RECONCILIATION",""
"Steady_Tech_Stack:48","Steady_Tech_Stack.md","48","## 3. Observed implementation gaps","| Simulated activity labeled as sensors | N `HealthViewModel.kt`: duration-based calories with 70 kg default, steps = minutes × 120; no sensor adapter in this flow | Manual workout label until real observation exists; remove fabricated steps |","PENDING_RECONCILIATION",""
"Steady_Tech_Stack:49","Steady_Tech_Stack.md","49","## 3. Observed implementation gaps","| Minimum calorie inflation | Same file forces calories to at least 10 and duration to at least one minute | Store actual seconds and legitimate estimate, including zero |","PENDING_RECONCILIATION",""
"Steady_Tech_Stack:50","Steady_Tech_Stack.md","50","## 3. Observed implementation gaps","| Aggregate drift | N `SteadyRepository.logWorkout` increments daily totals, but deletion only deletes workout | Derive/recompute affected totals transactionally |","PENDING_RECONCILIATION",""
"Steady_Tech_Stack:51","Steady_Tech_Stack.md","51","## 3. Observed implementation gaps","| Habit history is not per occurrence | N `HabitItem` stores current value and streak on definition | Separate definition, schedule version, occurrence and logs |","PENDING_RECONCILIATION",""
"Steady_Tech_Stack:52","Steady_Tech_Stack.md","52","## 3. Observed implementation gaps","| Missing navigation integration | N `MainActivity.kt` / `Screen.kt` expose original five tabs, not Health | Wire Health and new Focus route; keep Safety globally reachable |","PENDING_RECONCILIATION",""
"Steady_Tech_Stack:53","Steady_Tech_Stack.md","53","## 3. Observed implementation gaps","| ViewModels manually remembered | N `MainActivity.kt` constructs ViewModels with `remember` | Lifecycle-owned factory and navigation state |","PENDING_RECONCILIATION",""
"Steady_Tech_Stack:54","Steady_Tech_Stack.md","54","## 3. Observed implementation gaps","| Timers live in process memory | N timer ViewModels use `CountDownTimer`; E Break uses component state and interval | Persist session state and deadline; reconcile on resume |","PENDING_RECONCILIATION",""
"Steady_Tech_Stack:55","Steady_Tech_Stack.md","55","## 3. Observed implementation gaps","| Skip grants full study time | N `BreakViewModel.skipToNextPhase` calls full-session logger | Log actual elapsed duration and partial/skipped status |","PENDING_RECONCILIATION",""
"Steady_Tech_Stack:56","Steady_Tech_Stack.md","56","## 3. Observed implementation gaps","| Privacy wording contradicts network code | N manifest allows INTERNET; Gemini calls send prompts while UI claims data never leaves | Offline core; connected capability separately gated and disclosed |","PENDING_RECONCILIATION",""
"Steady_Tech_Stack:57","Steady_Tech_Stack.md","57","## 3. Observed implementation gaps","| Safety automatically exported | N repository Markdown and JSON export include private Safety notes | Central exclusion policy; no Safety in ordinary export/backup |","PENDING_RECONCILIATION",""
"Steady_Tech_Stack:58","Steady_Tech_Stack.md","58","## 3. Observed implementation gaps","| Incomplete restore | N JSON exports food/reviews but restore handles plans, notes and sessions; no atomic transaction around whole import | Strict complete schema, preview and atomic restore |","PENDING_RECONCILIATION",""
"Steady_Tech_Stack:59","Steady_Tech_Stack.md","59","## 3. Observed implementation gaps","| PIN is UI state | N `SettingsViewModel.togglePinLock` holds PIN/enabled state only | Platform authentication with enforced lock lifecycle |","PENDING_RECONCILIATION",""
"Steady_Tech_Stack:60","Steady_Tech_Stack.md","60","## 3. Observed implementation gaps","| Public help coupled to DB creation | N `SteadyApp()` opens DB before rendering all routes | Public Safety shell must render without DB access |","PENDING_RECONCILIATION",""
"Steady_Tech_Stack:61","Steady_Tech_Stack.md","61","## 3. Observed implementation gaps","| Wrong initial region for intended user | N Safety defaults US/Canada, includes grouped country assumptions | Explicit country selection; India suggested, confirm during onboarding |","PENDING_RECONCILIATION",""
"Steady_Tech_Stack:62","Steady_Tech_Stack.md","62","## 3. Observed implementation gaps","| Backup rules are templates | N manifest `allowBackup=true`; XML exclusions are commented samples | Disable platform backup and explicit exclusions, test both pathways |","PENDING_RECONCILIATION",""
"Steady_Tech_Stack:63","Steady_Tech_Stack.md","63","## 3. Observed implementation gaps","| Native wrapper incomplete | N ZIP contains wrapper properties, no `gradlew`, `gradlew.bat` or wrapper JAR | Restore genuine tracked wrapper before build |","PENDING_RECONCILIATION",""
"Steady_Tech_Stack:64","Steady_Tech_Stack.md","64","## 3. Observed implementation gaps","| Missing custom debug key | N build points at root `debug.keystore`, absent in archive | Use standard local debug signing, preserve release identity |","PENDING_RECONCILIATION",""
"Steady_Tech_Stack:65","Steady_Tech_Stack.md","65","## 3. Observed implementation gaps","| Expo routine data not DB-encrypted | E `steady-storage.ts`: AsyncStorage; Safety uses native SecureStore, plaintext preview fallback on web | Port UX, not this persistence contract |","PENDING_RECONCILIATION",""
"Steady_Tech_Stack:66","Steady_Tech_Stack.md","66","## 3. Observed implementation gaps","| Expo accepts optional Safety plaintext export | E `steady-export.ts` and Settings | Do not carry this behavior into the target |","PENDING_RECONCILIATION",""
"Steady_Tech_Stack:67","Steady_Tech_Stack.md","67","## 3. Observed implementation gaps","| Silent corruption fallback | E storage catches invalid JSON and creates default data | Recovery state; preserve damaged bytes; never silently replace history |","PENDING_RECONCILIATION",""
"Steady_Tech_Stack:68","Steady_Tech_Stack.md","68","## 3. Observed implementation gaps","| History depends on current definitions | E Markdown renders historical routines from today's routine list | Store title/schedule snapshots for historical accuracy |","PENDING_RECONCILIATION",""
"Steady_Tech_Stack:69","Steady_Tech_Stack.md","69","## 3. Observed implementation gaps","| Starter backend exists | E `server/`, `drizzle/`, OAuth, tRPC and runtime helpers | Exclude from native core; presence is not proof personal records were uploaded |","PENDING_RECONCILIATION",""
"Steady_Tech_Stack:70","Steady_Tech_Stack.md","70","## 3. Observed implementation gaps","| Limited test coverage | N example arithmetic/context tests and launch smoke test; E model tests | Keep useful cases, add feature acceptance tests |","PENDING_RECONCILIATION",""
"Steady_Tech_Stack:72","Steady_Tech_Stack.md","72","## 3. Observed implementation gaps","The new ZIPs do not establish that the earlier claimed SQLCipher, migration, notification and alarm fixes are present in this variant. Treat the previous agent reports as separate evidence requiring commit reconciliation.","PENDING_RECONCILIATION",""
"Steady_Tech_Stack:74","Steady_Tech_Stack.md","74","## 4. Stack and version policy","## 4. Stack and version policy","DOCUMENT_STRUCTURE","Source heading retained unchanged; no implementation acceptance implied."
"Steady_Tech_Stack:76","Steady_Tech_Stack.md","76","## 4. Stack and version policy","| Layer | Selected target | Version / release policy |","PENDING_RECONCILIATION",""
"Steady_Tech_Stack:77","Steady_Tech_Stack.md","77","## 4. Stack and version policy","|---|---|---|","DOCUMENT_STRUCTURE","Table separator; no functional requirement."
"Steady_Tech_Stack:78","Steady_Tech_Stack.md","78","## 4. Stack and version policy","| Host | Android Studio on a capable host; JDK 17 | Record exact IDE/JDK distribution in evidence |","PENDING_RECONCILIATION",""
"Steady_Tech_Stack:79","Steady_Tech_Stack.md","79","## 4. Stack and version policy","| Build | Gradle wrapper + Android Gradle Plugin | Candidate baseline AGP 9.2.1 / Gradle 9.4.1; prove before feature work |","PENDING_RECONCILIATION",""
"Steady_Tech_Stack:80","Steady_Tech_Stack.md","80","## 4. Stack and version policy","| Language | Kotlin with AGP built-in Kotlin | Record resolved KGP; matching Compose compiler plugin |","PENDING_RECONCILIATION",""
"Steady_Tech_Stack:81","Steady_Tech_Stack.md","81","## 4. Stack and version policy","| UI | Compose + Material 3 | Candidate stable BOM 2026.09.00; no independent floating Compose versions |","PENDING_RECONCILIATION",""
"Steady_Tech_Stack:82","Steady_Tech_Stack.md","82","## 4. Stack and version policy","| SDK | minSdk 26; compileSdk 36; targetSdk 36 | Proposed target, checked against all dependencies and platform tests |","PENDING_RECONCILIATION",""
"Steady_Tech_Stack:83","Steady_Tech_Stack.md","83","## 4. Stack and version policy","| State | ViewModel, StateFlow, coroutines | Pin stable versions proven in the compatibility build |","PENDING_RECONCILIATION",""
"Steady_Tech_Stack:84","Steady_Tech_Stack.md","84","## 4. Stack and version policy","| Navigation | Navigation Compose | Pin stable version; typed destinations and restored tab state |","PENDING_RECONCILIATION",""
"Steady_Tech_Stack:85","Steady_Tech_Stack.md","85","## 4. Stack and version policy","| Data | Room + KSP + SQLCipher Android | Pin and test as a set; native ABI and 16 KB page-size compatibility gate |","PENDING_RECONCILIATION",""
"Steady_Tech_Stack:86","Steady_Tech_Stack.md","86","## 4. Stack and version policy","| Keys | Android Keystore, platform crypto, BiometricPrompt | No custom cipher or plaintext app PIN |","PENDING_RECONCILIATION",""
"Steady_Tech_Stack:87","Steady_Tech_Stack.md","87","## 4. Stack and version policy","| Serialization | kotlinx.serialization | Typed versioned import/export DTOs |","PENDING_RECONCILIATION",""
"Steady_Tech_Stack:88","Steady_Tech_Stack.md","88","## 4. Stack and version policy","| Preferences | DataStore for nonsensitive bootstrap only | Routine/health preferences live encrypted |","PENDING_RECONCILIATION",""
"Steady_Tech_Stack:89","Steady_Tech_Stack.md","89","## 4. Stack and version policy","| Timers | AlarmManager + persisted domain state | WorkManager only for deferrable maintenance |","PENDING_RECONCILIATION",""
"Steady_Tech_Stack:90","Steady_Tech_Stack.md","90","## 4. Stack and version policy","| Workouts | SensorManager and platform LocationManager adapter | Optional permissions; real sensor capability detection |","PENDING_RECONCILIATION",""
"Steady_Tech_Stack:91","Steady_Tech_Stack.md","91","## 4. Stack and version policy","| Audio | AndroidX Media3 for bundled audio | Media-session integration if background playback ships |","PENDING_RECONCILIATION",""
"Steady_Tech_Stack:92","Steady_Tech_Stack.md","92","## 4. Stack and version policy","| Graphics | Compose Canvas / native vector assets | Shared semantic chart wrappers; local font/image assets |","PENDING_RECONCILIATION",""
"Steady_Tech_Stack:93","Steady_Tech_Stack.md","93","## 4. Stack and version policy","| Files | Android Storage Access Framework | User-selected documents/directories; no broad storage permission |","PENDING_RECONCILIATION",""
"Steady_Tech_Stack:94","Steady_Tech_Stack.md","94","## 4. Stack and version policy","| Tests | JUnit, coroutine tests, Room migration tests, Compose UI, instrumentation, Macrobenchmark | Pin tooling with runtime; test what matters |","PENDING_RECONCILIATION",""
"Steady_Tech_Stack:95","Steady_Tech_Stack.md","95","## 4. Stack and version policy","| DI | Manual constructor injection and AppContainer | Avoid a second compiler/plugin until complexity justifies it |","PENDING_RECONCILIATION",""
"Steady_Tech_Stack:96","Steady_Tech_Stack.md","96","## 4. Stack and version policy","| Delivery | Git + existing repository + private CI if configured | Clean checkout builds; no credential in source or APK |","PENDING_RECONCILIATION",""
"Steady_Tech_Stack:98","Steady_Tech_Stack.md","98","## 4. Stack and version policy","These are proposed reproducible baselines, not a claim every dependency has already resolved. Official AGP 9.2 documentation lists Gradle 9.4.1/JDK 17 and includes 9.2.1; Compose documentation shows BOM 2026.09.00. The actual resolved Kotlin version must be inspected rather than inferred solely from a table [W1–W3].","PENDING_RECONCILIATION",""
"Steady_Tech_Stack:100","Steady_Tech_Stack.md","100","## 4. Stack and version policy","Observed N versions: AGP 9.1.1, wrapper URL 9.3.1, Kotlin Compose plugin 2.2.10, KSP 2.3.5, Compose BOM 2024.09.00, Room 2.7.0, minSdk 24, compile SDK 36.1, target 36, Java source/target 11. Java source compatibility is distinct from the JDK used to run Gradle. Observed E declarations: Expo ~57.0.27, React Native 0.86.3, React 19.2.3, TypeScript ~6.0.3, pnpm 9.12.0, NativeWind ^4.2.1. These are archive declarations, not independently verified releases or a compatibility endorsement.","PENDING_RECONCILIATION",""
"Steady_Tech_Stack:102","Steady_Tech_Stack.md","102","### Dependency proof gate","### Dependency proof gate","DOCUMENT_STRUCTURE","Source heading retained unchanged; no implementation acceptance implied."
"Steady_Tech_Stack:104","Steady_Tech_Stack.md","104","### Dependency proof gate","1. Preserve existing repo checkpoint and identify the authoritative app ID, signing history and schemas.","PENDING_RECONCILIATION",""
"Steady_Tech_Stack:105","Steady_Tech_Stack.md","105","### Dependency proof gate","2. Create one version catalog and genuine wrapper, pin distribution checksum, use official repositories, prohibit dynamic versions.","PENDING_RECONCILIATION",""
"Steady_Tech_Stack:106","Steady_Tech_Stack.md","106","### Dependency proof gate","3. Resolve dependencies on JDK 17; capture compiler/KSP resolution and supported SDK requirements.","PENDING_RECONCILIATION",""
"Steady_Tech_Stack:107","Steady_Tech_Stack.md","107","### Dependency proof gate","4. Build a screen, create/open an encrypted database, run one DAO operation, export a schema, exercise a migration and trigger one notification.","PENDING_RECONCILIATION",""
"Steady_Tech_Stack:108","Steady_Tech_Stack.md","108","### Dependency proof gate","5. Run `assembleDebug`, `testDebugUnitTest`, `lintDebug`, then instrumented tests on an emulator/device.","PENDING_RECONCILIATION",""
"Steady_Tech_Stack:109","Steady_Tech_Stack.md","109","### Dependency proof gate","6. Record command, host, commit, dependency list, output and artifact hash. If blocked, record the precise blocker. Do not infer a syscall failure from an unrelated command's error.","PENDING_RECONCILIATION",""
"Steady_Tech_Stack:111","Steady_Tech_Stack.md","111","### Dependency proof gate","A proven current combination may be retained instead of mechanically upgrading to the candidate table. Document any alternative and its passing evidence. Failure to resolve a library locally is not proof it does not exist.","PENDING_RECONCILIATION",""
"Steady_Tech_Stack:113","Steady_Tech_Stack.md","113","## 5. Component boundaries","## 5. Component boundaries","DOCUMENT_STRUCTURE","Source heading retained unchanged; no implementation acceptance implied."
"Steady_Tech_Stack:115","Steady_Tech_Stack.md","115","## 5. Component boundaries","Start with feature packages inside one app module; split Gradle modules only when useful for isolation or build time.","PENDING_RECONCILIATION",""
"Steady_Tech_Stack:117","Steady_Tech_Stack.md","117","## 5. Component boundaries","```mermaid","PENDING_RECONCILIATION",""
"Steady_Tech_Stack:118","Steady_Tech_Stack.md","118","## 5. Component boundaries","flowchart TD","PENDING_RECONCILIATION",""
"Steady_Tech_Stack:119","Steady_Tech_Stack.md","119","## 5. Component boundaries","UI[Compose screens] --> VM[Lifecycle ViewModels]","PENDING_RECONCILIATION",""
"Steady_Tech_Stack:120","Steady_Tech_Stack.md","120","## 5. Component boundaries","VM --> UC[Domain use cases]","PENDING_RECONCILIATION",""
"Steady_Tech_Stack:121","Steady_Tech_Stack.md","121","## 5. Component boundaries","UC --> REP[Repositories]","PENDING_RECONCILIATION",""
"Steady_Tech_Stack:122","Steady_Tech_Stack.md","122","## 5. Component boundaries","REP --> DB[Encrypted Room stores]","PENDING_RECONCILIATION",""
"Steady_Tech_Stack:123","Steady_Tech_Stack.md","123","## 5. Component boundaries","UC --> PORT[Platform interfaces]","PENDING_RECONCILIATION",""
"Steady_Tech_Stack:124","Steady_Tech_Stack.md","124","## 5. Component boundaries","PORT --> AND[Alarms sensors files audio]","PENDING_RECONCILIATION",""
"Steady_Tech_Stack:125","Steady_Tech_Stack.md","125","## 5. Component boundaries","SAFE[Public Safety shell] --> DIR[Bundled public directory]","PENDING_RECONCILIATION",""
"Steady_Tech_Stack:126","Steady_Tech_Stack.md","126","## 5. Component boundaries","UI --> SAFE","PENDING_RECONCILIATION",""
"Steady_Tech_Stack:127","Steady_Tech_Stack.md","127","## 5. Component boundaries","```","PENDING_RECONCILIATION",""
"Steady_Tech_Stack:129","Steady_Tech_Stack.md","129","## 5. Component boundaries","Recommended packages: `core/model`, `core/time`, `core/security`, `core/database`, `core/platform`, `core/designsystem`, `feature/today`, `feature/habits`, `feature/focus`, `feature/health`, `feature/review`, `feature/safety`, `feature/settings`, `feature/capture`, `feature/build`, `feature/learn`. Optional connected AI lives outside the offline dependency graph.","PENDING_RECONCILIATION",""
"Steady_Tech_Stack:131","Steady_Tech_Stack.md","131","## 5. Component boundaries","Composable functions accept immutable state and events. ViewModels map repository flows to screen state. Use cases implement scheduling, session transitions and restore operations. Repositories own transactions. Platform adapters implement `Clock`, `AlarmScheduler`, `NotificationGateway`, `StepSource`, `RouteTracker`, `DocumentGateway`, `AuthenticationGateway` and `AudioPlayer`. Tests substitute deterministic fakes. Do not pass Activity contexts into long-lived services.","PENDING_RECONCILIATION",""
"Steady_Tech_Stack:133","Steady_Tech_Stack.md","133","## 5. Component boundaries","Expose typed states: Loading, Ready, Empty, PermissionRequired, Unavailable, Locked, RecoverableError. No swallowed exception may silently fabricate a successful save. UI acknowledgments occur after persistence; a pending save has a visible state and retry affordance.","PENDING_RECONCILIATION",""
"Steady_Tech_Stack:135","Steady_Tech_Stack.md","135","## 6. Data model and ownership","## 6. Data model and ownership","DOCUMENT_STRUCTURE","Source heading retained unchanged; no implementation acceptance implied."
"Steady_Tech_Stack:137","Steady_Tech_Stack.md","137","## 6. Data model and ownership","All personal entities use stable UUIDs where an external identity is unnecessary, created/updated timestamps, and a schema version. Measurement records include source, status, unit, algorithm version if estimated, and observed interval. Missing is null/unknown, not a synthetic zero.","PENDING_RECONCILIATION",""
"Steady_Tech_Stack:139","Steady_Tech_Stack.md","139","## 6. Data model and ownership","| Entity | Main fields / invariants |","PENDING_RECONCILIATION",""
"Steady_Tech_Stack:140","Steady_Tech_Stack.md","140","## 6. Data model and ownership","|---|---|","DOCUMENT_STRUCTURE","Table separator; no functional requirement."
"Steady_Tech_Stack:141","Steady_Tech_Stack.md","141","## 6. Data model and ownership","| ProfilePreferences | display name, units, timezone mode, day boundary, theme, accessibility, enabled modules; optional body weight with effective date |","PENDING_RECONCILIATION",""
"Steady_Tech_Stack:142","Steady_Tech_Stack.md","142","## 6. Data model and ownership","| DailyPlan | logical day, mode Normal/Minimum/Paused, intention; unique logical-day policy snapshot |","PENDING_RECONCILIATION",""
"Steady_Tech_Stack:143","Steady_Tech_Stack.md","143","## 6. Data model and ownership","| PlanItem | day, title, notes, category, time window, estimated seconds, state, source task ID, order |","PENDING_RECONCILIATION",""
"Steady_Tech_Stack:144","Steady_Tech_Stack.md","144","## 6. Data model and ownership","| HabitDefinition | title, input type, unit, target, schedule, archivedAt, color/icon token |","PENDING_RECONCILIATION",""
"Steady_Tech_Stack:145","Steady_Tech_Stack.md","145","## 6. Data model and ownership","| HabitScheduleVersion | effective date, recurrence, target snapshot; prevents changing old denominators |","PENDING_RECONCILIATION",""
"Steady_Tech_Stack:146","Steady_Tech_Stack.md","146","## 6. Data model and ownership","| HabitOccurrence | habit ID, logical day, schedule version, due/not-due, pending/partial/done/skipped |","PENDING_RECONCILIATION",""
"Steady_Tech_Stack:147","Steady_Tech_Stack.md","147","## 6. Data model and ownership","| HabitLog | occurrence ID, quantity/duration, timestamp, source and undo reference; append or transactional edit |","PENDING_RECONCILIATION",""
"Steady_Tech_Stack:148","Steady_Tech_Stack.md","148","## 6. Data model and ownership","| Subject / Topic / StudyTask | optional course code, title, status, links, next action; no compulsory syllabus template |","PENDING_RECONCILIATION",""
"Steady_Tech_Stack:149","Steady_Tech_Stack.md","149","## 6. Data model and ownership","| FocusSession | subject/task, kind study/build, target seconds, actual active seconds, state, deadline, boot context, generation |","PENDING_RECONCILIATION",""
"Steady_Tech_Stack:150","Steady_Tech_Stack.md","150","## 6. Data model and ownership","| FocusSegment | session ID, interval, running/paused; allows day splits without duplicate session counts |","PENDING_RECONCILIATION",""
"Steady_Tech_Stack:151","Steady_Tech_Stack.md","151","## 6. Data model and ownership","| SessionNote | session/topic, text, savedAt; optional content, no inference of correctness |","PENDING_RECONCILIATION",""
"Steady_Tech_Stack:152","Steady_Tech_Stack.md","152","## 6. Data model and ownership","| WorkoutTemplate / Exercise | mode, ordered exercise references, optional planned sets and rest durations |","PENDING_RECONCILIATION",""
"Steady_Tech_Stack:153","Steady_Tech_Stack.md","153","## 6. Data model and ownership","| WorkoutSession | mode, start/end, active seconds, state, source, optional effort; no forced calorie minimum |","PENDING_RECONCILIATION",""
"Steady_Tech_Stack:154","Steady_Tech_Stack.md","154","## 6. Data model and ownership","| ExerciseSet | workout/exercise ID, reps, load and unit, done timestamp, notes; bodyweight supported |","PENDING_RECONCILIATION",""
"Steady_Tech_Stack:155","Steady_Tech_Stack.md","155","## 6. Data model and ownership","| ActivityObservation | source record ID, interval, step delta/distance, quality, boot ID; deduplicate by source key |","PENDING_RECONCILIATION",""
"Steady_Tech_Stack:156","Steady_Tech_Stack.md","156","## 6. Data model and ownership","| RoutePoint | workout ID, instant, latitude/longitude, accuracy; privacy-sensitive and optional |","PENDING_RECONCILIATION",""
"Steady_Tech_Stack:157","Steady_Tech_Stack.md","157","## 6. Data model and ownership","| EnergyEstimate | source session/interval, estimated gross or active kcal, formula version, weight snapshot, MET reference |","PENDING_RECONCILIATION",""
"Steady_Tech_Stack:158","Steady_Tech_Stack.md","158","## 6. Data model and ownership","| WaterLog / SleepLog / MealLog | user entries, timestamp/interval, quantity if applicable; no default compliance score |","PENDING_RECONCILIATION",""
"Steady_Tech_Stack:159","Steady_Tech_Stack.md","159","## 6. Data model and ownership","| FoodIdea | title, ingredients, instructions, budget/prep tags, avoid-food tags, provenance, favorite/custom |","PENDING_RECONCILIATION",""
"Steady_Tech_Stack:160","Steady_Tech_Stack.md","160","## 6. Data model and ownership","| CareReminder | exact user-entered instruction, schedule, optional done time; no dosing algorithm |","PENDING_RECONCILIATION",""
"Steady_Tech_Stack:161","Steady_Tech_Stack.md","161","## 6. Data model and ownership","| Reflection | period, optional mood/energy, helped/too-demanding/evidence/adjustment fields; distinct from computed summary |","PENDING_RECONCILIATION",""
"Steady_Tech_Stack:162","Steady_Tech_Stack.md","162","## 6. Data model and ownership","| Capture / BuildProject / LearningCard | parked ideas, bounded project contracts, retrieval/correction/review records |","PENDING_RECONCILIATION",""
"Steady_Tech_Stack:163","Steady_Tech_Stack.md","163","## 6. Data model and ownership","| DistractionRule / InterruptionEvent | explicit app selection, schedule, pause duration, actual outcome; no inferred saved minutes |","PENDING_RECONCILIATION",""
"Steady_Tech_Stack:164","Steady_Tech_Stack.md","164","## 6. Data model and ownership","| DashboardLayout | ordered card IDs, visibility, supported span, configuration version |","PENDING_RECONCILIATION",""
"Steady_Tech_Stack:165","Steady_Tech_Stack.md","165","## 6. Data model and ownership","| SafetyPlan / SupportContact | private device-only store, optional fields, no invented initial records |","PENDING_RECONCILIATION",""
"Steady_Tech_Stack:166","Steady_Tech_Stack.md","166","## 6. Data model and ownership","| ExportRecord | scope, date, result, format; no exported body, password or persistent destination secret |","PENDING_RECONCILIATION",""
"Steady_Tech_Stack:168","Steady_Tech_Stack.md","168","## 6. Data model and ownership","Separate the private Safety store from the organiser database to make restore and export exclusion structural. Each uses an independent random key. The public country directory is bundled nonsensitive data and requires no database. Personal support contacts remain private; users see that these need to be recreated after reinstall or transfer.","PENDING_RECONCILIATION",""
"Steady_Tech_Stack:170","Steady_Tech_Stack.md","170","### Time, history and aggregation","### Time, history and aggregation","DOCUMENT_STRUCTURE","Source heading retained unchanged; no implementation acceptance implied."
"Steady_Tech_Stack:172","Steady_Tech_Stack.md","172","### Time, history and aggregation","Default logical day: Asia/Kolkata, 04:00 boundary. An event at 03:59 belongs to the previous day; 04:00 starts the new day. Preserve recorded timezone and boundary snapshots. Changing settings applies prospectively. Legacy records imported from midnight-based apps retain their original date and a legacy day-policy marker.","PENDING_RECONCILIATION",""
"Steady_Tech_Stack:174","Steady_Tech_Stack.md","174","### Time, history and aggregation","Split long focus/workout segments across day boundaries for daily durations; retain one parent session with completion on its recorded completion day. Union overlapping intervals for total active time. Study and build focus share one active timer; starting a workout while focusing requires explicit pause/finish of the current activity. Passive step observations may coexist and must not double-count workout steps.","PENDING_RECONCILIATION",""
"Steady_Tech_Stack:176","Steady_Tech_Stack.md","176","### Time, history and aggregation","Derive dashboards from source records or rebuildable aggregates. Add/edit/delete/import operations invalidate affected dates. Use DB transactions and idempotency keys for water taps, session completion and imported observations. Never make a cached daily total the sole historical record. Archive definitions rather than removing historical labels. Habit denominator excludes not-scheduled and intentionally skipped occurrences, with skipped counts shown separately.","PENDING_RECONCILIATION",""
"Steady_Tech_Stack:178","Steady_Tech_Stack.md","178","## 7. Timer and notification engine","## 7. Timer and notification engine","DOCUMENT_STRUCTURE","Source heading retained unchanged; no implementation acceptance implied."
"Steady_Tech_Stack:180","Steady_Tech_Stack.md","180","## 7. Timer and notification engine","Use one persisted state machine for focus, breaks, intervals and rest timers with distinct session types. States: Idle → Running ↔ Paused → Completed; Running/Paused may become Stopped. Skipped is an explicit terminal outcome where relevant. Completion means elapsed target reached, not that the user clicked next.","PENDING_RECONCILIATION",""
"Steady_Tech_Stack:182","Steady_Tech_Stack.md","182","## 7. Timer and notification engine","Store elapsed realtime anchors for same-boot calculations, wall-clock timestamps for history and boot identity for reconciliation. Display ticks are derived views; losing them does not lose the session. Resume computes remaining time. Reboot prompts recovery and does not invent continued study. A device force-stop prevents dependable scheduling until the app is opened again.","PENDING_RECONCILIATION",""
"Steady_Tech_Stack:184","Steady_Tech_Stack.md","184","## 7. Timer and notification engine","Each scheduled completion carries session ID and generation. Receiver performs a compare-and-set transaction: only the matching running generation may complete, write history and emit one cue. Pause/stop increments generation and cancels the matching alarm. PendingIntent identity must match explicitly; UPDATE_CURRENT alone is not proof cancellation works. Stale delivery is a no-op.","PENDING_RECONCILIATION",""
"Steady_Tech_Stack:186","Steady_Tech_Stack.md","186","## 7. Timer and notification engine","Use exact alarms only where eligible and granted; otherwise expose that a background cue may be delayed. Notifications have channels, runtime permission handling and privacy-safe lock-screen text. Avoid duplicate vibration/audio from manual playback plus channel behavior. In-app timers remain useful with notifications denied. Routine reminders default to no more than five a day, observe quiet hours, and do not replay a backlog after pause. User-started timer cues are separately controlled [W5].","PENDING_RECONCILIATION",""
"Steady_Tech_Stack:188","Steady_Tech_Stack.md","188","## 8. Phone activity and workouts","## 8. Phone activity and workouts","DOCUMENT_STRUCTURE","Source heading retained unchanged; no implementation acceptance implied."
"Steady_Tech_Stack:190","Steady_Tech_Stack.md","190","## 8. Phone activity and workouts","Use TYPE_STEP_COUNTER when available, request activity recognition where required, record baselines and resets, and persist deltas. A rebooted counter is not a negative walk. Missing hardware/permission produces unavailable state with manual logging. Do not promise all-day coverage when the platform/OEM prevents observation [W6].","PENDING_RECONCILIATION",""
"Steady_Tech_Stack:192","Steady_Tech_Stack.md","192","## 8. Phone activity and workouts","Outdoor sessions use a user-started location foreground service with an ongoing notification, explicit Stop, appropriate location permissions and location service type. Filter poor-accuracy/stale fixes; mark gaps rather than drawing impossible routes. Initial offline route view can be a locally drawn track with distance and a list of coordinates/segments; online map tiles are outside the offline build. Persist enough session state to recover an interrupted recording without silently restarting location collection [W7].","PENDING_RECONCILIATION",""
"Steady_Tech_Stack:194","Steady_Tech_Stack.md","194","## 8. Phone activity and workouts","Strength uses manual reps and sets. A selected workout mode does not prove an exercise happened. Calories are optional estimates: choose documented MET references per supported mode/intensity, record weight and source assumptions, use actual active duration, distinguish gross from active expenditure, and show rounding consistent with uncertainty. A proposed formula is gross kcal = MET × 3.5 × kg × minutes / 200; active estimate uses max(MET − 1, 0). These are modeling choices requiring reference validation before release, not a Xiaomi proprietary algorithm. Omit estimates without the required inputs. Do not add resting expenditure twice.","PENDING_RECONCILIATION",""
"Steady_Tech_Stack:196","Steady_Tech_Stack.md","196","## 8. Phone activity and workouts","No automatic heart rate, blood oxygen, sweat/electrolyte needs, spinal alignment, brain energy or chronotype inference from generic phone motion. Rep detection, camera form assessment, detailed running biomechanics and Health Connect import are separate gated extensions. Start battery measurement on the actual Xiaomi device before choosing a sampling policy; the prototype's 120 Hz and <1.8%/hour claims are not measurements.","PENDING_RECONCILIATION",""
"Steady_Tech_Stack:198","Steady_Tech_Stack.md","198","## 9. Distraction controls","## 9. Distraction controls","DOCUMENT_STRUCTURE","Source heading retained unchanged; no implementation acceptance implied."
"Steady_Tech_Stack:200","Steady_Tech_Stack.md","200","## 9. Distraction controls","Level 1 is universally useful inside Steady: focus intentions, timer, manual interruption log and voluntary return-to-task prompt. Level 2 reads usage history with explicit Usage Access. It does not block other apps [W8]. Level 3, if pursued, is an optional AccessibilityService-based experiment with explicit onboarding, narrowly scoped foreground-app detection, essential-app exclusions, immediate disable and no screen-text capture.","PENDING_RECONCILIATION",""
"Steady_Tech_Stack:202","Steady_Tech_Stack.md","202","## 9. Distraction controls","Record a decision before shipping Level 3: device/OEM feasibility, exact permissions, permitted distribution behavior, user disclosure and test results. Do not promise a system-wide lock, prevention of uninstall, or guaranteed automatic exit after one minute. Release the voluntary flow if interception cannot meet these conditions. Do not disguise the service's purpose or automate permission grants.","PENDING_RECONCILIATION",""
"Steady_Tech_Stack:204","Steady_Tech_Stack.md","204","## 10. Encryption, authentication and recovery","## 10. Encryption, authentication and recovery","DOCUMENT_STRUCTURE","Source heading retained unchanged; no implementation acceptance implied."
"Steady_Tech_Stack:206","Steady_Tech_Stack.md","206","## 10. Encryption, authentication and recovery","Create a random per-store database secret; wrap it with an Android Keystore AES-GCM key and unique nonce. Store only wrapped key material and metadata in app-private storage. Do not log key bytes. Confirm SQLCipher integration by creating synthetic content and inspecting database, WAL and SHM files for readable payload; absence of one marker alone is not complete cryptographic assurance [W4].","PENDING_RECONCILIATION",""
"Steady_Tech_Stack:208","Steady_Tech_Stack.md","208","## 10. Encryption, authentication and recovery","Use a platform authentication gate for private screens. Decide timeout and background relock behavior; public Safety remains accessible. A visually masked note is not authentication. A Keystore or DB failure enters a recovery state, preserves files, and never silently creates a new empty database. Destructive reset is a distinct action with clear consequences.","PENDING_RECONCILIATION",""
"Steady_Tech_Stack:210","Steady_Tech_Stack.md","210","## 10. Encryption, authentication and recovery","Keep background timer metadata minimal. When private stores are locked, the scheduler may deliver a generic cue using nonsensitive session tokens, then reconcile private history after unlock. Never store subject, medical or Safety text in an alarm payload. Define this locked-state behavior in tests rather than bypassing authentication to make timers easier.","PENDING_RECONCILIATION",""
"Steady_Tech_Stack:212","Steady_Tech_Stack.md","212","## 10. Encryption, authentication and recovery","Disable platform backup and exclude databases, files, preferences, relevant device-protected domains and key metadata from both cloud and device-transfer rules. Validate behavior on supported versions; a single manifest switch is not a substitute for testing [W9].","PENDING_RECONCILIATION",""
"Steady_Tech_Stack:214","Steady_Tech_Stack.md","214","### Portable backup contract","### Portable backup contract","DOCUMENT_STRUCTURE","Source heading retained unchanged; no implementation acceptance implied."
"Steady_Tech_Stack:216","Steady_Tech_Stack.md","216","### Portable backup contract","Ordinary Markdown is readable text selected by scope. Portable backup is an authenticated encrypted envelope for eligible organiser records only. Safety, private contacts, keys, API credentials and live alarm tokens are excluded. Route geometry is excluded by default; a separate explicit scope preview is required to include it. An outside document provider may upload chosen files; avoid saying exported data stays on the phone.","PENDING_RECONCILIATION",""
"Steady_Tech_Stack:218","Steady_Tech_Stack.md","218","### Portable backup contract","Proposed envelope: magic, format version, schema version, KDF ID/parameters/salt, cipher ID/nonce, ciphertext and authentication tag. Use AES-256-GCM and a vetted password KDF implementation; freeze the KDF parameters after security review and target-device timing. Authenticate relevant header fields. Use fresh salt/nonce per backup. Reject unsupported algorithms and excessive KDF/memory/file-size requests before allocation; never implement cryptographic primitives manually.","PENDING_RECONCILIATION",""
"Steady_Tech_Stack:220","Steady_Tech_Stack.md","220","### Portable backup contract","Restore sequence: read bounded input → authenticate/decrypt into protected staging → validate all entities and references → preview scope/count/date range → confirm → transactionally replace eligible records while preserving destination Safety → mark in-progress sessions interrupted → invalidate/reconcile schedules → rebuild aggregates. Wrong password, tampering, unsupported version or cancellation leaves the existing database unchanged. Show provider write failures and remove temporary plaintext. Initial import bound: 25 MiB and 100,000 records; reject larger files clearly rather than truncate.","PENDING_RECONCILIATION",""
"Steady_Tech_Stack:222","Steady_Tech_Stack.md","222","### Portable backup contract","Legacy Expo JSON and N JSON need explicit version-specific adapters. Native legacy export omitted workouts/habits/telemetry and its restore omitted some exported categories; missing history cannot be reconstructed. Preview omissions, quarantine Safety content outside the ordinary import, validate integer/range/date/reference constraints, and make repeated imports idempotent using import batch/source IDs. Never turn invalid data into plausible defaults.","PENDING_RECONCILIATION",""
"Steady_Tech_Stack:224","Steady_Tech_Stack.md","224","## 11. Optional AI and external integrations","## 11. Optional AI and external integrations","DOCUMENT_STRUCTURE","Source heading retained unchanged; no implementation acceptance implied."
"Steady_Tech_Stack:226","Steady_Tech_Stack.md","226","## 11. Optional AI and external integrations","The offline production build has no INTERNET permission, analytics, auth backend, runtime CDN dependencies or model requirement. E's Express/tRPC/MySQL/Drizzle/OAuth infrastructure is template material, not the selected stack. N's Gemini service and BuildConfig key approach must not enter the offline build.","PENDING_RECONCILIATION",""
"Steady_Tech_Stack:228","Steady_Tech_Stack.md","228","## 11. Optional AI and external integrations","Preserve the useful intentions as later optional capabilities: task breakdown, ingredient-based meal ideas, and rewriting a selected weekly reflection. A separately defined connected build may implement them after approval of its data-flow contract. User selects and previews exact fields; Safety and private contacts never enter a prompt. Proposals require preview/edit/apply, structured validation and explicit user action. No diagnosis, clinical prescription or automatic task insertion from arbitrary generated lines.","PENDING_RECONCILIATION",""
"Steady_Tech_Stack:230","Steady_Tech_Stack.md","230","## 11. Optional AI and external integrations","Keep providers and model IDs behind an interface; current hardcoded model names in N are not endorsed as valid or available. Use server-held credentials for a distributed service; a personal BYOK implementation needs explicit disclosure that secrets on a client cannot be made equivalent to server secrets. Redact requests and errors, support cancellation, quotas and offline fallback. Search queries are not citations or proof of verification; retain actual sources where available.","PENDING_RECONCILIATION",""
"Steady_Tech_Stack:232","Steady_Tech_Stack.md","232","## 11. Optional AI and external integrations","Markdown export to an Obsidian-accessible folder is supported. Bidirectional sync, GitHub automation, OCR, voice and cloud storage are later integrations with separate permissions and conflict rules. Imported text and links are content, never executable agent instructions.","PENDING_RECONCILIATION",""
"Steady_Tech_Stack:234","Steady_Tech_Stack.md","234","## 12. Verification and delivery","## 12. Verification and delivery","DOCUMENT_STRUCTURE","Source heading retained unchanged; no implementation acceptance implied."
"Steady_Tech_Stack:236","Steady_Tech_Stack.md","236","## 12. Verification and delivery","| Layer | Required checks |","PENDING_RECONCILIATION",""
"Steady_Tech_Stack:237","Steady_Tech_Stack.md","237","## 12. Verification and delivery","|---|---|","DOCUMENT_STRUCTURE","Table separator; no functional requirement."
"Steady_Tech_Stack:238","Steady_Tech_Stack.md","238","## 12. Verification and delivery","| Domain | 04:00 boundary, timezone changes, recurrence versioning, actual timer duration, idempotent completion, aggregate edit/delete, estimate source labeling |","PENDING_RECONCILIATION",""
"Steady_Tech_Stack:239","Steady_Tech_Stack.md","239","## 12. Verification and delivery","| Storage | Encryption/open failure, explicit migrations from released schemas, unknown schema refusal, key loss, no destructive fallback |","PENDING_RECONCILIATION",""
"Steady_Tech_Stack:240","Steady_Tech_Stack.md","240","## 12. Verification and delivery","| Import/export | Safety and credentials absent, round-trip all eligible categories, tampered/truncated/wrong-password failure, oversized file refusal, no partial writes |","PENDING_RECONCILIATION",""
"Steady_Tech_Stack:241","Steady_Tech_Stack.md","241","## 12. Verification and delivery","| UI | Five tabs and Safety action, empty/error/permission states, large font, TalkBack, undo, state after rotation/process recreation |","PENDING_RECONCILIATION",""
"Steady_Tech_Stack:242","Steady_Tech_Stack.md","242","## 12. Verification and delivery","| Device | Screen-off cue, Doze, permission denial/revocation, offline help, location stop, step reset, Xiaomi battery modes |","PENDING_RECONCILIATION",""
"Steady_Tech_Stack:243","Steady_Tech_Stack.md","243","## 12. Verification and delivery","| Performance | Startup, scroll frames, sensor battery cost, database growth and long-history query time |","PENDING_RECONCILIATION",""
"Steady_Tech_Stack:244","Steady_Tech_Stack.md","244","## 12. Verification and delivery","| Release | Fresh checkout, reproducible dependency resolution, APK install/update, signing identity, artifact hash and known limitations |","PENDING_RECONCILIATION",""
"Steady_Tech_Stack:246","Steady_Tech_Stack.md","246","## 12. Verification and delivery","Performance goals are targets to measure: Today usable within two seconds on a warm launch of the target phone; visible local action response within 100 ms and durable normal save within 500 ms; p95 scroll frame under 16.7 ms in 60 Hz mode on the defined benchmark; no active sensors/location when their feature is stopped. Do not publish battery percentages until measured with scenario, duration and baseline.","PENDING_RECONCILIATION",""
"Steady_Tech_Stack:248","Steady_Tech_Stack.md","248","## 12. Verification and delivery","Windows project terminal commands after wrapper and SDK setup:","PENDING_RECONCILIATION",""
"Steady_Tech_Stack:250","Steady_Tech_Stack.md","250","## 12. Verification and delivery","```powershell","PENDING_RECONCILIATION",""
"Steady_Tech_Stack:251","Steady_Tech_Stack.md","251","## 12. Verification and delivery",".\gradlew.bat --version","PENDING_RECONCILIATION",""
"Steady_Tech_Stack:252","Steady_Tech_Stack.md","252","## 12. Verification and delivery",".\gradlew.bat :app:assembleDebug :app:testDebugUnitTest :app:lintDebug","PENDING_RECONCILIATION",""
"Steady_Tech_Stack:253","Steady_Tech_Stack.md","253","## 12. Verification and delivery",".\gradlew.bat :app:connectedDebugAndroidTest","PENDING_RECONCILIATION",""
"Steady_Tech_Stack:254","Steady_Tech_Stack.md","254","## 12. Verification and delivery","```","PENDING_RECONCILIATION",""
"Steady_Tech_Stack:256","Steady_Tech_Stack.md","256","## 12. Verification and delivery","The last command requires an emulator/device; unit tests do not. On a frozen host use bounded attempts and capture logs/thread evidence where available, then transfer to a capable host. Packaging is not installation verification. Keep host credentials, local SDK paths, caches, real user data and signing keys out of source archives. Commit wrapper files, schemas, dependency catalog and acceptance evidence.","PENDING_RECONCILIATION",""
"Steady_Tech_Stack:258","Steady_Tech_Stack.md","258","## 13. Technical decision log","## 13. Technical decision log","DOCUMENT_STRUCTURE","Source heading retained unchanged; no implementation acceptance implied."
"Steady_Tech_Stack:260","Steady_Tech_Stack.md","260","## 13. Technical decision log","| Decision | Outcome |","PENDING_RECONCILIATION",""
"Steady_Tech_Stack:261","Steady_Tech_Stack.md","261","## 13. Technical decision log","|---|---|","DOCUMENT_STRUCTURE","Table separator; no functional requirement."
"Steady_Tech_Stack:262","Steady_Tech_Stack.md","262","## 13. Technical decision log","| ADR-01 | One native Android production client; E is reference material |","PENDING_RECONCILIATION",""
"Steady_Tech_Stack:263","Steady_Tech_Stack.md","263","## 13. Technical decision log","| ADR-02 | Five tabs Today/Health/Focus/Review/Settings; Safety independent of private storage |","PENDING_RECONCILIATION",""
"Steady_Tech_Stack:264","Steady_Tech_Stack.md","264","## 13. Technical decision log","| ADR-03 | Encrypted organiser and separate private Safety storage; no Safety export |","PENDING_RECONCILIATION",""
"Steady_Tech_Stack:265","Steady_Tech_Stack.md","265","## 13. Technical decision log","| ADR-04 | Real source records and derivable aggregates; no nonzero demo defaults |","PENDING_RECONCILIATION",""
"Steady_Tech_Stack:266","Steady_Tech_Stack.md","266","## 13. Technical decision log","| ADR-05 | Persistent time engine and actual durations; no ViewModel-only reliability claim |","PENDING_RECONCILIATION",""
"Steady_Tech_Stack:267","Steady_Tech_Stack.md","267","## 13. Technical decision log","| ADR-06 | Offline core; connected AI is an optional future variant |","PENDING_RECONCILIATION",""
"Steady_Tech_Stack:268","Steady_Tech_Stack.md","268","## 13. Technical decision log","| ADR-07 | Measured/manual/estimated provenance is mandatory |","PENDING_RECONCILIATION",""
"Steady_Tech_Stack:269","Steady_Tech_Stack.md","269","## 13. Technical decision log","| ADR-08 | App interception is gated; voluntary focus remains available |","PENDING_RECONCILIATION",""
"Steady_Tech_Stack:270","Steady_Tech_Stack.md","270","## 13. Technical decision log","| ADR-09 | Explicit legacy migration; no ZIP replacement or destructive schema fallback |","PENDING_RECONCILIATION",""
"Steady_Tech_Stack:271","Steady_Tech_Stack.md","271","## 13. Technical decision log","| ADR-10 | Build proof precedes feature expansion; immutable release evidence per commit |","PENDING_RECONCILIATION",""
"Steady_Tech_Stack:273","Steady_Tech_Stack.md","273","## 14. External technical references","## 14. External technical references","DOCUMENT_STRUCTURE","Source heading retained unchanged; no implementation acceptance implied."
"Steady_Tech_Stack:275","Steady_Tech_Stack.md","275","## 14. External technical references","Checked 6 October 2026 unless already retrieved in this conversation. These support platform choices; proposed product behavior above remains a design decision.","PENDING_RECONCILIATION",""
"Steady_Tech_Stack:277","Steady_Tech_Stack.md","277","## 14. External technical references","- W1: [AGP 9.2 release notes](https://developer.android.com/build/releases/agp-9-2-0-release-notes).","PENDING_RECONCILIATION",""
"Steady_Tech_Stack:278","Steady_Tech_Stack.md","278","## 14. External technical references","- W2: [Built-in Kotlin migration](https://developer.android.com/build/migrate-to-built-in-kotlin).","PENDING_RECONCILIATION",""
"Steady_Tech_Stack:279","Steady_Tech_Stack.md","279","## 14. External technical references","- W3: [Compose BOM](https://developer.android.com/develop/ui/compose/bom).","PENDING_RECONCILIATION",""
"Steady_Tech_Stack:280","Steady_Tech_Stack.md","280","## 14. External technical references","- W4: [SQLCipher Android vendor documentation](https://www.zetetic.net/sqlcipher/sqlcipher-for-android/). Confirm selected distribution, licence and native artifacts during the dependency gate.","PENDING_RECONCILIATION",""
"Steady_Tech_Stack:281","Steady_Tech_Stack.md","281","## 14. External technical references","- W5: [Android alarms](https://developer.android.com/develop/background-work/services/alarms).","PENDING_RECONCILIATION",""
"Steady_Tech_Stack:282","Steady_Tech_Stack.md","282","## 14. External technical references","- W6: [Android motion sensors](https://developer.android.com/develop/sensors-and-location/sensors/sensors_motion).","PENDING_RECONCILIATION",""
"Steady_Tech_Stack:283","Steady_Tech_Stack.md","283","## 14. External technical references","- W7: [Foreground service types](https://developer.android.com/develop/background-work/services/fgs/service-types).","PENDING_RECONCILIATION",""
"Steady_Tech_Stack:284","Steady_Tech_Stack.md","284","## 14. External technical references","- W8: [UsageStatsManager](https://developer.android.com/reference/android/app/usage/UsageStatsManager).","PENDING_RECONCILIATION",""
"Steady_Tech_Stack:285","Steady_Tech_Stack.md","285","## 14. External technical references","- W9: [Android backup behavior](https://developer.android.com/identity/data/autobackup).","PENDING_RECONCILIATION",""
"Steady_Tech_Stack:287","Steady_Tech_Stack.md","287","## 14. External technical references","OpenGym source/licence and the precise Vital3D reference were not independently retrieved. Their names denote requested inspiration, not a verified dependency, endorsement or copied implementation. Resolve the exact references before any code or asset reuse.","PENDING_RECONCILIATION",""
